,Nombre del indicador,Dependencia,Periodicidad,Cobertura,Desagregación,URL metadato,URL indicador,URL fuente,URL a datos.gob.mx,Información externa BD,URL metadatos,Nombre,Descripción,Desagregación geográfica,Desagregación temporal,Unidad de medida,Observaciones de la dependencia,Observaciones Escuadrón,Metadatos limpios,Desempeño deseable del indicador  ALTO o BAJO,
"Lograr que las ciudades y los asentamientos humanos sean inclusivos, seguros, resilientes y sostenibles",Número de viviendas dañadas o destruidas por desastres naturales,"CENAPRED
SEDESOL",,,,,,,,,,,,,,,,,,BAJO,
Lograr la igualdad entre los géneros y el empoderamiento de todas las mujeres y niñas,Proporción de la población adulta que posee una cuenta bancaria formal,CNBV,,,,,,,,,,,,,,,,,,ALTO,
Garantizar una vida sana y promover el bienestar para todos en todas las edades,Exposición de población urbana a contaminación del aire,COFEPRIS/SEMARNAT,,,,,,,,,,,,,,,,,,BAJO,
Garantizar una vida sana y promover el bienestar para todos en todas las edades,Farmacodependientes a los opioides que reciben tratamiento de sustitución,CONADIC/SALUD,Pendiente,,,,,,,,,,,,,,,,,ALTO,
Garantizar una vida sana y promover el bienestar para todos en todas las edades,Prevención de abuso de sustancias en menores de 25 años,CONADIC/SALUD,,,,,,,,,,,,,,,,,,BAJO,
Garantizar una vida sana y promover el bienestar para todos en todas las edades,Demanda insatisfecha de métodos anticonceptivos modernos (porcentaje),CONAPO,Trienio,Nacional; Estatal,Mujeres en edad fértil (15 a 49 años),,http://www.conapo.gob.mx/work/models/CONAPO/salud_reproductiva/ODS/CSV/baseNIA.csv,,http://busca.datos.gob.mx/#/conjuntos/indicadores-de-fecundidad-y-salud-reproductiva-ods,,,,,,,,,,https://docs.google.com/spreadsheets/d/16rXS_VGUXUQtUpljnHE5lN9JIFv_Dc4XuI-BMYmh1-o/edit?usp=sharing,BAJO,
Garantizar una vida sana y promover el bienestar para todos en todas las edades,Prevalencia de uso de métodos anticonceptivos modernos,CONAPO,Trienio,Nacional; Estatal,,,http://www.conapo.gob.mx/work/models/CONAPO/salud_reproductiva/ODS/CSV/basePAMEFU.csv,,http://busca.datos.gob.mx/#/conjuntos/indicadores-de-fecundidad-y-salud-reproductiva-ods,,,,,,,,,,https://docs.google.com/spreadsheets/d/1Z-oZNdPIP8clvtOR1SosyXA0K9ed_1NTYWhOSMbBqfY/edit?usp=sharing,ALTO,
Garantizar una vida sana y promover el bienestar para todos en todas las edades,"Tasa de uso de anticonceptivos entre las mujeres casadas o en pareja, de 15 a 49 años",CONAPO,,,,,,,,,,,,,,,,x,,ALTO,
Poner fin a la pobreza en todas sus formas en todo el mundo,Proporción de la población con ingresos inferiores a 1.25 dólares diarios,CONEVAL,Bianual,Estatal,,,http://www.coneval.gob.mx/Informes/Pobreza/Datos_abiertos/ODS/Poblacion_menos_1_25_dolar.csv,,http://busca.datos.gob.mx/#/conjuntos/porcentaje-de-la-poblacion-con-ingreso-menor-a-1-25-dolares,,https://drive.google.com/uc?export=download&id=0B-4W2dww7ELNcHdCSEdkaFZPM1E,,,,,,,,https://docs.google.com/spreadsheets/d/1hxowoL2k1Drjkd5zVpD7LOEqGv_tCB0SF3yuHD4r_1c/edit?usp=sharing,BAJO,
Poner fin a la pobreza en todas sus formas en todo el mundo,Proporción de la población en situación de pobreza multidimensional ,CONEVAL,,,,,,,,,https://drive.google.com/uc?export=download&id=0B-4W2dww7ELNQTliZTVGSXJ4UEU,,,,,,,,https://docs.google.com/spreadsheets/d/1xyrEcLbJt1lu-BbqM1RvD6g1RP0BQpQQimw48aVa_Ps/edit?usp=sharing,BAJO,
Poner fin a la pobreza en todas sus formas en todo el mundo,Proporción de la población en situación de pobreza extrema multidimensional ,CONEVAL,,,,,,,,,https://drive.google.com/uc?export=download&id=0B-4W2dww7ELNcTh4elZTSlliekk,,,,,,,,https://docs.google.com/spreadsheets/d/1SObMKk3bLcdX-hW6PW6mCys5VVktHntL4GrvfcnM1Zw/edit?usp=sharing,BAJO,
"Poner fin al hambre, lograr la seguridad alimentaria y la mejora de la nutrición y promover la agricultura sostenible",Proporción de la población con inseguridad alimentaria severa y moderada,CONEVAL,Bianual,Nacional; Estatal,,,http://www.coneval.gob.mx/Informes/Pobreza/Datos_abiertos/ODS/Poblacion_inseguridad_alimentaria.csv,,http://busca.datos.gob.mx/#/conjuntos/porcentaje-numero-de-personas-y-carencias-promedio-por-indicador-de-inseguridad-alime-2010-2012,,https://drive.google.com/uc?export=download&id=0B-4W2dww7ELNTHpNclZwdUlDbmc,,,,,,,,https://docs.google.com/spreadsheets/d/1S-g46v8Qegz_SVErpBqmlOdhIBfvsFjOMetkZank25I/edit?usp=sharing,BAJO,
"Garantizar una educación inclusiva, equitativa y de calidad y promover oportunidades de aprendizaje durante toda la vida para todos",Proporción de la población con rezago educativo,CONEVAL,Bianual,Nacional: Estatal,,,http://www.coneval.gob.mx/Informes/Pobreza/Datos_abiertos/ODS/Rezago_educativo.csv,,http://busca.datos.gob.mx/#/conjuntos/porcentaje-numero-de-personas-y-carencias-promedio-por-indicador-de-rezago-educativo--2010-2012,,https://drive.google.com/uc?export=download&id=0B-4W2dww7ELNZllWZ1Rna0RuLTQ,,,,,,,,https://docs.google.com/spreadsheets/d/1aZTe7PoIsWSHWJBNJeKiSTMgYJjXN1WbleQv2wq1REQ/edit?usp=sharing,BAJO,
Reducir la desigualdad en y entre los países,Índice de Gini del ingreso (antes y después de transferencias),CONEVAL,Bianual,Nacional: Estatal,,,http://www.coneval.gob.mx/Informes/Pobreza/Datos_abiertos/ODS/Indice_Gini_ingreso.csv,,http://busca.datos.gob.mx/#/conjuntos/valor-del-coeficiente-de-desigualdad-gini-nacional-y-por-entidad-federativa-2010-2012,,https://drive.google.com/uc?export=download&id=0B-4W2dww7ELNNlBINlFLZkdCMVE,,,,,,,,https://docs.google.com/spreadsheets/d/1QXmos2kEFjW8_aiQ4z9obzOTV3JkZ8mDgz_4mnvlBxo/edit?usp=sharing,BAJO,
Reducir la desigualdad en y entre los países,Coeficiente de la brecha de la pobreza (intensidad de la pobreza),CONEVAL,Bianual,Nacional; Estatal,,,http://www.coneval.gob.mx/Informes/Pobreza/Datos_abiertos/ODS/Brecha_intensidad_pobreza.csv,,http://busca.datos.gob.mx/#/conjuntos/medida-de-intensidad-de-la-pobreza-nacional-y-por-entidad-federativa-2010-2012,,https://drive.google.com/uc?export=download&id=0B-4W2dww7ELNcjZyQnlIdk1kWVE,,,,,,,,https://docs.google.com/spreadsheets/d/1m6BW8jpnhQr2x646hf1EoqKHlCSuv_gwpDRdeRp4rSY/edit?usp=sharing,BAJO,
Reducir la desigualdad en y entre los países,Profundidad de la pobreza ,CONEVAL,Bianual,Nacional; Estatal,,,http://www.coneval.gob.mx/Informes/Pobreza/Datos_abiertos/ODS/Profundidad_pobreza.csv,,http://busca.datos.gob.mx/#/conjuntos/medida-de-profundidad-de-la-pobreza-nacional-y-por-entidad-federativa-2010-2012,,https://drive.google.com/uc?export=download&id=0B-4W2dww7ELNYTN0N3pieTQ2X28,,,,,,,,https://docs.google.com/spreadsheets/d/1IIcKwSkUWsGrek7xkkDFz10TAyvNxO3x6rpIr03_QOI/edit?usp=sharing,BAJO,
"Construir infraestructura resiliente, promover la industrialización inclusiva y sostenible y fomentar la innovación",Número de suscriptores a teléfonos celulares móviles por cada 100 habitantes,IFT,Anual,Nacional,,,http://www.ift.org.mx/sites/default/files/contenidogeneral/estadisticas/suscripcionesamovilpor100h_2.csv,,http://busca.datos.gob.mx/#/conjuntos/suscripciones-de-banda-ancha,,https://drive.google.com/file/d/0B-4W2dww7ELNODBCb1Rzb2FIemc/view?usp=sharing,,,,,,,,https://docs.google.com/spreadsheets/d/1MVZT_X2N0nXOTMs4ll-drGTL6fz6qhSGkypuBwVdQF0/edit?usp=sharing,ALTO,
"Construir infraestructura resiliente, promover la industrialización inclusiva y sostenible y fomentar la innovación",Número de suscriptores a internet de banda ancha fija por cada 100 habitantes,IFT,Anual,Nacional,,,http://www.ift.org.mx/sites/default/files/contenidogeneral/estadisticas/bafijaporcada100habitantes_2.csv,,http://busca.datos.gob.mx/#/conjuntos/suscripciones-de-banda-ancha,,https://drive.google.com/file/d/0B-4W2dww7ELNODBCb1Rzb2FIemc/view?usp=sharing,,,,,,,,https://docs.google.com/spreadsheets/d/1y3n-1sh4hJqvyY5uaXXDFh52vw_--D7WPTj9OFnDTjc/edit?usp=sharing,ALTO,
"Construir infraestructura resiliente, promover la industrialización inclusiva y sostenible y fomentar la innovación",Porcentaje de viviendas que cuenta con internet de banda ancha,IFT,Anual,Nacional,,,http://www.ift.org.mx/sites/default/files/contenidogeneral/estadisticas/porcentajedebafijaporhogar_3.csv,,http://busca.datos.gob.mx/#/conjuntos/suscripciones-de-banda-ancha,,https://drive.google.com/file/d/0B-4W2dww7ELNODBCb1Rzb2FIemc/view?usp=sharing,,,,,,,,https://docs.google.com/spreadsheets/d/1zmhUAxfeHqG_oQ9LMyFGpgrmbF0BT1R4mAlEzzj7O0A/edit?usp=sharing,ALTO,
Garantizar una vida sana y promover el bienestar para todos en todas las edades,Porcentaje de personas con satisfacción en la vida,INEGI,,,,,,,,,,,,,,,,,,ALTO,
"Garantizar una educación inclusiva, equitativa y de calidad y promover oportunidades de aprendizaje durante toda la vida para todos",Porcentaje de jóvenes y adultos con alfabetización digital,INEGI,,,,,,,,,,,,,,,,,,ALTO,
"Garantizar una educación inclusiva, equitativa y de calidad y promover oportunidades de aprendizaje durante toda la vida para todos","Razón de paridad educativa, por género, urbano-rural y por primero-último quintil de ingreso",INEGI,,,,,,,,,,,,,,,,,,ALTO,
Lograr la igualdad entre los géneros y el empoderamiento de todas las mujeres y niñas,Proporción de mujeres de 15 a 49 años que han sufrido violencia física o sexual por parte de su pareja en los últimos 12 meses,INEGI,,,,,,,,,,,,,,,,,,ALTO,
Lograr la igualdad entre los géneros y el empoderamiento de todas las mujeres y niñas,Proporción de mujeres de 15 a 49 años que han sufrido violencia física o sexual por alguien distinto de su pareja desde la edad de 15 años,INEGI,,,,,,,,,,,,,,,,,,ALTO,
Lograr la igualdad entre los géneros y el empoderamiento de todas las mujeres y niñas,Porcentaje de mujeres de 20 a 24 años que están casadas o viven en pareja desde antes de los 18 años,INEGI,,,,,,,,,,,,,,,,,,ALTO,
Lograr la igualdad entre los géneros y el empoderamiento de todas las mujeres y niñas,Porcentaje de matrimonios de niñas y adolescentes menores de 18 años,INEGI,,,,,,,,,,,,,,,,,,ALTO,
Lograr la igualdad entre los géneros y el empoderamiento de todas las mujeres y niñas,Porcentaje de nacimientos en mujeres menores de 20 años,INEGI,,,,,,,,,,,,,,,,,,ALTO,
Lograr la igualdad entre los géneros y el empoderamiento de todas las mujeres y niñas,Promedio de horas semanales dedicadas a tareas domésticas no remuneradas y a actividades de cuidado dentro de los hogares ,INEGI,,,,,,,,,,,,,,,,,,ALTO,
Lograr la igualdad entre los géneros y el empoderamiento de todas las mujeres y niñas,Promedio de horas semanales dedicadas a tareas domésticas no remuneradas,INEGI,,,,,,,,,,,,,,,,,,ALTO,
Lograr la igualdad entre los géneros y el empoderamiento de todas las mujeres y niñas,Promedio de horas semanales dedicadas a actividades de cuidado dentro de los hogares,INEGI,,,,,,,,,,,,,,,,,,ALTO,
Lograr la igualdad entre los géneros y el empoderamiento de todas las mujeres y niñas,Porcentaje de mujeres en las alcaldías (presidencias municipales),INEGI,,,,,,,,,,,,,,,,,,ALTO,
Lograr la igualdad entre los géneros y el empoderamiento de todas las mujeres y niñas,Proporción de la población que es usuaria de la telefonía celular,INEGI,,,,,,,,,,,,,,,,,,ALTO,
Lograr la igualdad entre los géneros y el empoderamiento de todas las mujeres y niñas,Proporción de la población con habilidades en el uso de TICs ,INEGI,,,,,,,,,,,,,,,,,,ALTO,
Garantizar la disponibilidad de agua y su ordenación sostenible y el saneamiento para todos,Proporción de la población con acceso sostenible a fuentes mejoradas de abastecimiento de agua (ODM),INEGI,,,,,,,,,,,,,,,,,,ALTO,
Garantizar la disponibilidad de agua y su ordenación sostenible y el saneamiento para todos,Proporción de la población con acceso a servicios de saneamiento mejorados (ODM),INEGI,,,,,,,,,,,,,,,,,,ALTO,
Garantizar la disponibilidad de agua y su ordenación sostenible y el saneamiento para todos,Proporción de la población con acceso a agua dentro de la vivienda,INEGI,,,,,,,,,,,,,,,,,,ALTO,
"Garantizar el acceso a una energía asequible, segura, sostenible y moderna para todos",Porcentaje de la población que cocina con leña o carbón,INEGI,,,,,,,,,,,,,,,,,,ALTO,
"Garantizar el acceso a una energía asequible, segura, sostenible y moderna para todos",Viviendas con disponibilidad de focos ahorradores,INEGI,,,,,,,,,,,,,,,,,,ALTO,
"Garantizar el acceso a una energía asequible, segura, sostenible y moderna para todos",Viviendas con disponibilidad de paneles y calentadores solares,INEGI,,,,,,,,,,,,,,,,,,ALTO,
"Promover el crecimiento económico sostenido, inclusivo y sostenible, el empleo pleno y productivo y el trabajo decente para todos",PIB per cápita (dólares corrientes en PPC),INEGI,,,,,,,,,,,,,,,,,,ALTO,
"Promover el crecimiento económico sostenido, inclusivo y sostenible, el empleo pleno y productivo y el trabajo decente para todos",Porcentaje de población de 15 a 24 años no económicamente activa que no asiste a la escuela (NEET),INEGI,,,,,,,,,,,,,,,,,,ALTO,
"Lograr que las ciudades y los asentamientos humanos sean inclusivos, seguros, resilientes y sostenibles",Proporción de la población que gasta más del 30% de su ingreso en vivienda,INEGI,,,,,,,,,,,,,,,,,,ALTO,
"Promover sociedades pacíficas e inclusivas para el desarrollo sostenible, facilitar el acceso a la justicia para todos y crear instituciones eficaces, responsables e inclusivas a todos los niveles","Proporción de mujeres de 18 o más que han  violencia a la edad de 18 años, por tipo (física, sicológica y sexual)",INEGI,,,,,,,,,,,,,,,,,,ALTO,
"Promover sociedades pacíficas e inclusivas para el desarrollo sostenible, facilitar el acceso a la justicia para todos y crear instituciones eficaces, responsables e inclusivas a todos los niveles","Proporción de mujeres de 18 a 24 que han experimentado violencia a la edad de 18 años, por tipo (física, sicológica y sexual)",INEGI,,,,,,,,,,,,,,,,,,ALTO,
Lograr la igualdad entre los géneros y el empoderamiento de todas las mujeres y niñas,Proporción de escaños del parlamento nacional y estatal ocupados por mujeres,INMUJERES,Anual,Nacional; Estatal,,,http://datos.inmujeres.gob.mx/archivo.php?f=f4249&t=csv,,http://busca.datos.gob.mx/#/conjuntos/indicadores-ods,,https://drive.google.com/file/d/0B-4W2dww7ELNUXVicHFSSXUycWs/view?usp=sharing,,,,1,,,,https://docs.google.com/spreadsheets/d/1ZjCCXX51DmK8OJlzQSuMAzXUNFwAoPYV7f8L4igh0uA/edit?usp=sharing,ALTO,
Lograr la igualdad entre los géneros y el empoderamiento de todas las mujeres y niñas,Diputadas,INMUJERES,Distintas,Nacional; Estatal,,,http://datos.inmujeres.gob.mx/archivo.php?f=f424b&t=csv,,http://busca.datos.gob.mx/#/conjuntos/indicadores-ods,,https://drive.google.com/file/d/0B-4W2dww7ELNWWZRREJCRVpId3M/view?usp=sharing,,,,,,,,https://docs.google.com/spreadsheets/d/1ptlqLRz6g4DzA11fOow_8b8FNctcpL03G8ZJkJYYDY0/edit?usp=sharing,ALTO,
Lograr la igualdad entre los géneros y el empoderamiento de todas las mujeres y niñas,Senadoras,INMUJERES,Anual,Nacional,,,http://datos.inmujeres.gob.mx/archivo.php?f=f424d&t=csv,,http://busca.datos.gob.mx/#/conjuntos/indicadores-ods,,https://drive.google.com/file/d/0B-4W2dww7ELNUmFEOFJyakRHMEk/view?usp=sharing,,,,,,,,https://docs.google.com/spreadsheets/d/1Opnzh8iGGjFfrGYcSQmQ-5jwxyIBvwoyuzedqbghT1E/edit?usp=sharing,ALTO,
Lograr la igualdad entre los géneros y el empoderamiento de todas las mujeres y niñas,Porcentaje de mujeres en puestos directivos de la administración pública,INMUJERES,Anual,Nacional,,,http://datos.inmujeres.gob.mx/archivo.php?f=f4247&t=csv,,http://busca.datos.gob.mx/#/conjuntos/indicadores-ods,,https://drive.google.com/file/d/0B-4W2dww7ELNM0tGbUd4bU9iZHM/view?usp=sharing,,,,,,,,https://docs.google.com/spreadsheets/d/1kkTn515aXbM4nGYSLHDvNEJJkG8IqVm3GN0G-D_GHdo/edit?usp=sharing,ALTO,
Lograr la igualdad entre los géneros y el empoderamiento de todas las mujeres y niñas,Porcentaje de mujeres propietarias de la vivienda que habitan,INMUJERES,Bianual,Estatal,,,http://datos.inmujeres.gob.mx/archivo.php?f=f424c&t=csv,,http://busca.datos.gob.mx/#/conjuntos/indicadores-ods,,https://drive.google.com/file/d/0B-4W2dww7ELNdmtEYlplV2t2Wms/view?usp=sharing,,,,,,,,https://docs.google.com/spreadsheets/d/1iJPHg30EoBbQRAEIlEJjB5sCgHJScC961FFwXElly4E/edit?usp=sharing,ALTO,
Lograr la igualdad entre los géneros y el empoderamiento de todas las mujeres y niñas,Población ocupada por quintil de ingresos laborales por sexo ,INMUJERES,Anual; distintos quintiles,Nacional; Estatal,,,http://datos.inmujeres.gob.mx/archivo.php?f=f424a&t=csv,,http://busca.datos.gob.mx/#/conjuntos/indicadores-ods,,https://drive.google.com/file/d/0B-4W2dww7ELNZC1udWhvYWU5eEk/view?usp=sharing,,,,,,,,https://docs.google.com/spreadsheets/d/1L18BEUNAlMjOqp7B0ykArAUDujDHOUJ8tpXssimMFqY/edit?usp=sharing,ALTO,
Lograr la igualdad entre los géneros y el empoderamiento de todas las mujeres y niñas,Porcentaje de mujeres sin ingresos propios.,INMUJERES,Bianual,Nacional; Estatal,,,http://datos.inmujeres.gob.mx/archivo.php?f=f4248&t=csv,,http://busca.datos.gob.mx/#/conjuntos/indicadores-ods,,https://drive.google.com/file/d/0B-4W2dww7ELNdVQyTFdkNGhZTlU/view?usp=sharing,,,,,,,,https://docs.google.com/spreadsheets/d/1eypC_mD48LCKaQr4kft6e2n-as2OAVlj8A_RR2qoRo4/edit?usp=sharing,BAJO,
"Poner fin al hambre, lograr la seguridad alimentaria y la mejora de la nutrición y promover la agricultura sostenible",Prevalencia de desnutrición (porcentaje de la población),SALUD,,,,,,,,,,,,,,,,x,,BAJO,
"Poner fin al hambre, lograr la seguridad alimentaria y la mejora de la nutrición y promover la agricultura sostenible",Prevalencia de talla baja en niños menores de 5 años,SALUD,,,,,,,,,https://drive.google.com/file/d/0B-4W2dww7ELNQ0V1WUhuU3h0U0U/view?usp=sharing,,,,,,,,https://docs.google.com/spreadsheets/d/14BjjU9CibYne7WwiUyAgu_xWSYFktVB3mW4oiqPHzuM/edit?usp=sharing,BAJO,
"Poner fin al hambre, lograr la seguridad alimentaria y la mejora de la nutrición y promover la agricultura sostenible","Proporción de la población con deficit de micronutrientes (hierro, zinc, yodo, vitamina A, ácido fólico, vitamina B12)",SALUD,,,,,,,,,https://drive.google.com/file/d/0B-4W2dww7ELNWkhMNUQ2SWVsQXM/view?usp=sharing,,,,,,,,https://docs.google.com/spreadsheets/d/1zEZ719DcGeBlC0ULuYhWNLKqFYnaf1lh0_MEHmYBCXI/edit?usp=sharing,BAJO,
"Poner fin al hambre, lograr la seguridad alimentaria y la mejora de la nutrición y promover la agricultura sostenible",Proporción de la población con sobrepeso ,SALUD,,,,,,,,,,,,,,,,x,,BAJO,
"Poner fin al hambre, lograr la seguridad alimentaria y la mejora de la nutrición y promover la agricultura sostenible",Proporción de la población con obesidad ,SALUD,,,,,,,,,,,,,,,,x,,BAJO,
Garantizar una vida sana y promover el bienestar para todos en todas las edades,Razón de Mortalidad Materna (ODM),SALUD,,,,,,,,,,,,,,,,x,,BAJO,
Garantizar una vida sana y promover el bienestar para todos en todas las edades,Razón de Mortalidad Materna con muertes tardías (ODM),SALUD,,,,,,,,,,,,,,,,x,,BAJO,
Garantizar una vida sana y promover el bienestar para todos en todas las edades,Porcentaje de mujeres embarazadas que acudieron a su primer consulta durante el primer trimestre de gestación,SALUD,,,,,,,,,,,,,,,,x,,ALTO,
Garantizar una vida sana y promover el bienestar para todos en todas las edades,Proporción de nacimientos asistidos por personal sanitario calificado,SALUD,Anual,Nacional; Estatal,,,http://www.dgis.salud.gob.mx/descargas/datosabiertos/Proporcion_Nacidos_Vivos_con_Asistencia_de_Personal_Sanitario_Capacitado_Serie_Historica.csv,,http://busca.datos.gob.mx/#/conjuntos/indicadores-ods,,https://drive.google.com/file/d/0B-4W2dww7ELNbDQ4RzU3TXNEaUE/view?usp=sharing,,,,,,,,https://docs.google.com/spreadsheets/d/19F73sOPNuk7VoBw1-1hed4YZ3-7KDU77qDcfQ2yAcus/edit?usp=sharing,ALTO,
Garantizar una vida sana y promover el bienestar para todos en todas las edades,Porcentaje de partos por cesárea respecto al total de partos,SALUD,Anual,Nacional; Estatal,,,http://www.dgis.salud.gob.mx/descargas/datosabiertos/Porcentaje_Nacidos_Vivos_Cesarea_Serie_Historica.csv,,http://busca.datos.gob.mx/#/conjuntos/indicadores-ods,,https://drive.google.com/file/d/0B-4W2dww7ELNR1h3MUp6dXpqdVk/view?usp=sharing,,,,,,,,https://docs.google.com/spreadsheets/d/1EEi5dWkWLXCMYciDT-Dznq6V2ZPDT7sd-A0qC-2_zlI/edit?usp=sharing,BAJO,
Garantizar una vida sana y promover el bienestar para todos en todas las edades,Tasa de mortalidad en niños menores de 5 años,SALUD,Anual,Nacional; Estatal,,,http://www.dgis.salud.gob.mx/descargas/datosabiertos/Tasa_Mortalidad_Menores_de_5_Serie_Historica.csv,,http://busca.datos.gob.mx/#/conjuntos/indicadores-ods,,https://drive.google.com/file/d/0B-4W2dww7ELNSDQ0WjhiLTUwYms/view?usp=sharing,,,,,,,,https://docs.google.com/spreadsheets/d/1cx7bRzGSyuQHE2ChLObvxMuU8nlZEj8snqf0P1UiAkw/edit?usp=sharing,BAJO,
Garantizar una vida sana y promover el bienestar para todos en todas las edades,Tasa de mortalidad neonatal por cada mil nacidos vivos,SALUD,Anual,Nacional; Estatal,,,http://www.dgis.salud.gob.mx/descargas/datosabiertos/Tasa_Mortalidad_Neonatal_Serie_Historica.csv,,http://busca.datos.gob.mx/#/conjuntos/indicadores-ods,,https://drive.google.com/file/d/0B-4W2dww7ELNTlRfc3BWN3dhZU0/view?usp=sharing,,,,,,,,https://docs.google.com/spreadsheets/d/1Po5qV5f39z-DMgZ_wWotZVxGVYDLH7XvA3X6IP319i4/edit?usp=sharing,BAJO,
Garantizar una vida sana y promover el bienestar para todos en todas las edades,Porcentaje de nacimientos prematuros,SALUD,Anual,Nacional; Estatal,,,http://www.dgis.salud.gob.mx/descargas/datosabiertos/Porcentaje_Nacidos_Prematuros_Serie_Historica.csv,,http://busca.datos.gob.mx/#/conjuntos/indicadores-ods,,https://drive.google.com/file/d/0B-4W2dww7ELNTTVqck40VVVqVjQ/view?usp=sharing,,,,,,,,https://docs.google.com/spreadsheets/d/1ptgDCscMLcY7aXjmcumoH7Cmxaq2JnIS0oIzRHEOTbQ/edit?usp=sharing,BAJO,
Garantizar una vida sana y promover el bienestar para todos en todas las edades,Porcentaje de niños con peso bajo al nacer,SALUD,,,,,,,,,,,,,,,,x,,BAJO,
Garantizar una vida sana y promover el bienestar para todos en todas las edades,,SALUD,,,,,,,,,,,,,,,,x,,,
Garantizar una vida sana y promover el bienestar para todos en todas las edades,Incidencia de VIH/SIDA por cada 100 personas-años ,SALUD,,,,,,,,,,,,,,,,x,,BAJO,
Garantizar una vida sana y promover el bienestar para todos en todas las edades,Porcentaje de cobertura de vacunación con esquema completo al año de edad,SALUD,Anual,Nacional; Estatal,,,http://www.dgis.salud.gob.mx/descargas/datosabiertos/Porcentaje_de_Cobertura_Vacunacion_Serie_Historica.csv,,http://busca.datos.gob.mx/#/conjuntos/indicadores-ods,,https://drive.google.com/file/d/0B3OqCUmmMLMOLWk2TEZKbHZRaDQ/view?usp=sharing,,,,,,,,https://docs.google.com/spreadsheets/d/1YF1e4RthlJEyw0CDaXR4J7NDcWFJBeBFfrCBnWp_zvs/edit?usp=sharing,ALTO,
Garantizar una vida sana y promover el bienestar para todos en todas las edades,Porcentaje de cambio entre el año base y el año de registro de casos nuevos confirmados de VIH por transmisión vertical,SALUD,,,,,,,,,,,,,,,,x,,ALTO,
Garantizar una vida sana y promover el bienestar para todos en todas las edades,Tasa de incidencia asociada a la tuberculosis todas las formas (ODM),SALUD,Anual,Nacional; Estatal,,,http://www.dgis.salud.gob.mx/descargas/datosabiertos/Tasa_Mortalidad_por_Tuberculosis_Serie_Historica.csv,,http://busca.datos.gob.mx/#/conjuntos/indicadores-ods,,,,,,,,,,https://docs.google.com/spreadsheets/d/1Sd5uXua8ecniZvrKAmRrZgu2Hjyvzlr4M2xrH_hwYFY/edit?usp=sharing,BAJO,
Garantizar una vida sana y promover el bienestar para todos en todas las edades,Tasa de mortalidad por tuberculosis todas las formas (ODM),SALUD,,,,,,,,,https://drive.google.com/file/d/0B-4W2dww7ELNS2NwcE5GZ0lKRE0/view?usp=sharing,,,,,,,,https://docs.google.com/spreadsheets/d/1UxC7_BQJvE1D-inxPWnOYy9IR_j0IhNGiwpbMvHGLKs/edit?usp=sharing,BAJO,
Garantizar una vida sana y promover el bienestar para todos en todas las edades,Tasa de incidencia asociada al paludismo,SALUD,Anual,Nacional; Estatal,,,http://www.dgis.salud.gob.mx/descargas/datosabiertos/Tasa_Incidencia_Paludismo_Serie_Historica.csv,,http://busca.datos.gob.mx/#/conjuntos/indicadores-ods,,,,,,,,,La liga no abre el archivo,https://docs.google.com/spreadsheets/d/1Y5aHUQ_9uSCoRm2FaHrdRMXG1jK-NsWGnzIQC54WchQ/edit?usp=sharing,BAJO,
Garantizar una vida sana y promover el bienestar para todos en todas las edades,Tasa de letalidad por dengue hemorrágico ,SALUD,Anual,Nacional; Estatal,,,http://www.dgis.salud.gob.mx/descargas/datosabiertos/Tasa_Letalidad_Dengue_Serie_Historica.csv,,http://busca.datos.gob.mx/#/conjuntos/indicadores-ods,,,,,,,,,,https://docs.google.com/spreadsheets/d/1shmrHOCLELQO07MeYFYiI0E4GjBz5tgc8JGiLaPKBQA/edit?usp=sharing,BAJO,
Garantizar una vida sana y promover el bienestar para todos en todas las edades,Tasa de mortalidad por enfermedades cardiovasculares,SALUD,Anual,Nacional; Estatal,,,http://www.dgis.salud.gob.mx/descargas/datosabiertos/Tasa_Mortalidad_Cardiovascular_Serie_Historica.csv,,http://busca.datos.gob.mx/#/conjuntos/indicadores-ods,,,,,,,,,,https://docs.google.com/spreadsheets/d/1JwpjZmEOC_COtwn2tP2vzxEdv_UDIbZvRLmTmtZxPgA/edit?usp=sharing,BAJO,
Garantizar una vida sana y promover el bienestar para todos en todas las edades,Tasa de mortalidad por neoplasias malignas,SALUD,Anual,Nacional; Estatal,,,http://www.dgis.salud.gob.mx/descargas/datosabiertos/Tasa_Mortalidad_Neoplasias_Serie_Historica.csv,,http://busca.datos.gob.mx/#/conjuntos/indicadores-ods,,,,,,,,,La liga no abre el archivo,,BAJO,
Garantizar una vida sana y promover el bienestar para todos en todas las edades,Tasa de mortalidad por cáncer de mama,SALUD,Anual,Nacional; Estatal,,,http://www.dgis.salud.gob.mx/descargas/datosabiertos/Tasa_Mortalidad_Cancer_Mama_Serie_Historica.csv,,http://busca.datos.gob.mx/#/conjuntos/indicadores-ods,,,,,,,,,,https://docs.google.com/spreadsheets/d/1vPsndoFDMlhX0-bCi-PuZsjnA-qSj_vrTCcslRwRdLg/edit?usp=sharing,BAJO,
Garantizar una vida sana y promover el bienestar para todos en todas las edades,Tasa de mortalidad por cáncer de próstata,SALUD,Anual,Nacional; Estatal,,,http://www.dgis.salud.gob.mx/descargas/datosabiertos/Tasa_Mortalidad_Cancer_Prostata_Serie_Historica.csv,,http://busca.datos.gob.mx/#/conjuntos/indicadores-ods,,,,,,,,,,https://docs.google.com/spreadsheets/d/1j5FD-hdCwDJzhdJ69jLZqEYIW7nctUhcLRIQYulH-7c/edit?usp=sharing,BAJO,
Garantizar una vida sana y promover el bienestar para todos en todas las edades,Tasa de mortalidad por diabetes,SALUD,Anual,Nacional; Estatal,,,http://www.dgis.salud.gob.mx/descargas/datosabiertos/Tasa_Mortalidad_Diabetes_Tipo_II_Serie_Historica.csv,,http://busca.datos.gob.mx/#/conjuntos/indicadores-ods,,,,,,,,,,https://docs.google.com/spreadsheets/d/1zRl7liO3JImh6MbwOzrZPwqOykD1o3rHd6H8aMaeLjk/edit?usp=sharing,BAJO,
Garantizar una vida sana y promover el bienestar para todos en todas las edades,"Tasa de mortalidad por enfermedad pulmonar
obstructiva crónica (EPOC)",SALUD,Anual,Nacional; Estatal,,,http://www.dgis.salud.gob.mx/descargas/datosabiertos/Tasa_Mortalidad_EPOC_Serie_Historica.csv,,http://busca.datos.gob.mx/#/conjuntos/indicadores-ods,,,,,,,,,,https://docs.google.com/spreadsheets/d/1N6ECKHGNINmrWXKy4nExpO72LaMICJd262KVHlWKU3M/edit?usp=sharing,BAJO,
Garantizar una vida sana y promover el bienestar para todos en todas las edades,Proporción de la población que refiere consumir tabaco,SALUD,,,,,,,,,,,,,,,,x,,BAJO,
Garantizar una vida sana y promover el bienestar para todos en todas las edades,Proporción de la población que refiere hacer un consumo nocivo de alcohol,SALUD,,,,,,,,,,,,,,,,x,,BAJO,
Garantizar una vida sana y promover el bienestar para todos en todas las edades,Incidencia de depresión,SALUD,,,,,,,,,,,,,,,,x,,BAJO,
Garantizar una vida sana y promover el bienestar para todos en todas las edades,Tasa de suicidio en niños y jóvenes,SALUD,Anual,Nacional; Estatal,,,http://www.dgis.salud.gob.mx/descargas/datosabiertos/Tasa_Mortalidad_Suicidios_Jovenes_Serie_Historica.csv,,http://busca.datos.gob.mx/#/conjuntos/indicadores-ods,,,,,,,,,,https://docs.google.com/spreadsheets/d/17mXWeToQ2QfRTMiPAwrOsTt9x19Z81H-98ZFdzBeGPY/edit?usp=sharing,BAJO,
Garantizar una vida sana y promover el bienestar para todos en todas las edades,Tasa de mortalidad por accidentes de tráfico de vehículo de motor (ATVM),SALUD,Anual,Nacional; Estatal,,,http://www.dgis.salud.gob.mx/descargas/datosabiertos/Tasa_Mortalidad_ATVM_Serie_Historica.csv,,http://busca.datos.gob.mx/#/conjuntos/indicadores-ods,,,,,,,,,,https://docs.google.com/spreadsheets/d/1RsmXUG9A1fWe7yavcP9Gq86WXnQBGtFW_z2vTUEwQmQ/edit?usp=sharing,BAJO,
Garantizar una vida sana y promover el bienestar para todos en todas las edades,Tasa específica de fecundidad en adolescentes (15 a 19 años de edad),SALUD,,,,,,,,,,,,,,,,x,,BAJO,
Garantizar una vida sana y promover el bienestar para todos en todas las edades,Cobertura estimada de servicios de salud,SALUD,Bianual,Nacional; Estatal,,,http://www.dgis.salud.gob.mx/descargas/datosabiertos/Porcentaje_Poblacion_Carencia_SS_Serie_Historica.csv,,http://busca.datos.gob.mx/#/conjuntos/indicadores-ods,,,,,,,,,,https://docs.google.com/spreadsheets/d/1jJAYlR_QXkwLvkQDyUSZaUuabVTIuPjZAFtu8xwCzuQ/edit?usp=sharing,ALTO,
Garantizar una vida sana y promover el bienestar para todos en todas las edades,Porcentaje de población con aseguramiento público en salud que usa servicios públicos de atención médica,SALUD,,,,,,,,,,,,,,,,x,,ALTO,
Garantizar una vida sana y promover el bienestar para todos en todas las edades,Porcentaje de hogares del primer quintil de ingreso con gasto catastrófico en salud,SALUD,"Anual, Bianual; Distinta periodicidad",,Quintiles,,http://www.dgis.salud.gob.mx/descargas/datosabiertos/Porcentaje_de_Hogares_con_Gasto_Catastrofico_Serie_Historica.csv,,http://busca.datos.gob.mx/#/conjuntos/indicadores-ods,,,,,,,,,,https://docs.google.com/spreadsheets/d/1jcGHZIQPzXILSuc4uIaKYyHegudE2l-MKhp22WOcSf0/edit?usp=sharing,BAJO,
"Lograr que las ciudades y los asentamientos humanos sean inclusivos, seguros, resilientes y sostenibles",Proporción de la población urbana que habita en viviendas precarias,SEDATU,Bianual,Nacional; Estatal,,,https://drive.google.com/uc?export=download&id=0B8H92S-nvsXeb0MtXzZNSkV4bGc,,http://busca.datos.gob.mx/#/conjuntos/ods-sedatu,,,,,,,,,,https://docs.google.com/spreadsheets/d/1xNYi6Bjy3gYghm1iNjdmE2PenrVSXyn_eR36L61VVuU/edit?usp=sharing,BAJO,
"Lograr que las ciudades y los asentamientos humanos sean inclusivos, seguros, resilientes y sostenibles","Rezago habitacional por condiciones de espacio, materiales e instalaciones de la vivienda",SEDATU,Anual,Nacional; Estatal,,,https://drive.google.com/uc?export=download&id=0B8H92S-nvsXedU5qQWpGYXB6WG8,,http://busca.datos.gob.mx/#/conjuntos/ods-sedatu,,https://drive.google.com/file/d/0B-4W2dww7ELNd1hTMEJ0TWJ3b00/view?usp=sharing,,,,,,,,https://docs.google.com/spreadsheets/d/1vDgqxGscpTi08n4d-_MU7OX-HiHST3hcLe8pJdvtdSs/edit?usp=sharing,BAJO,
"Lograr que las ciudades y los asentamientos humanos sean inclusivos, seguros, resilientes y sostenibles","Porcentaje de viviendas con acceso a paradas de transporte público a 500 m de distancia en ciudades mayores a 500,000 habitantes",SEDATU,Anual,Estatal,,,https://drive.google.com/uc?export=download&id=0B8H92S-nvsXeZnVIWGxDUl9yT2c,,http://busca.datos.gob.mx/#/conjuntos/ods-sedatu,,,,,,1,1,,,https://docs.google.com/spreadsheets/d/1hFaG8kf2ksvFIHWccmHE6No77JBx8EPxULNJe5JqPSo/edit?usp=sharing,ALTO,
"Lograr que las ciudades y los asentamientos humanos sean inclusivos, seguros, resilientes y sostenibles","Kilómetros de transporte público masivo (BRT, tren ligero, metro) por persona en ciudades",SEDATU,Anual,Estatal,,,https://drive.google.com/uc?export=download&id=0B8H92S-nvsXedVRuVGJmbHRFVUU,,http://busca.datos.gob.mx/#/conjuntos/ods-sedatu,,,,,,1,1,,,https://docs.google.com/spreadsheets/d/1WYbaHjjbDJEXc1s5YU1TvT5fZSdL1doMXjIWKHOEjSM/edit?usp=sharing,ALTO,
"Lograr que las ciudades y los asentamientos humanos sean inclusivos, seguros, resilientes y sostenibles",Porcentaje de viajes realizados en transporte público,SEDATU,,,,,,,,,,,,,,,,x,,ALTO,X
"Lograr que las ciudades y los asentamientos humanos sean inclusivos, seguros, resilientes y sostenibles",Tiempo estimado de viaje por desplazamiento utilizando cualquier forma de transporte,SEDATU,Quinquenal | Quinquenal; por Horarios,Nacional; Urbano; Rural,Grupo de edad (decenios y otras categorías) | Por jornada laboral,,https://drive.google.com/uc?export=download&id=0B8H92S-nvsXeUG1HY3FQVTNYU1k,,http://busca.datos.gob.mx/#/conjuntos/ods-sedatu,,,,,,1,1,,,https://docs.google.com/spreadsheets/d/1331l9mhHiqRCT5T7pnlsXTeTrKSH6-arKnAEReLb-pk/edit?usp=sharing,BAJO,
"Lograr que las ciudades y los asentamientos humanos sean inclusivos, seguros, resilientes y sostenibles",Densidad de población (bruta),SEDATU,Quinquenal,Estatal,,,https://drive.google.com/uc?export=download&id=0B8H92S-nvsXeSV92SUpmQktUOUE,,http://busca.datos.gob.mx/#/conjuntos/ods-sedatu,,https://drive.google.com/file/d/0B-4W2dww7ELNamhPYS1jUlMzdXM/view?usp=sharing,,,,,,,,https://docs.google.com/spreadsheets/d/1WyBToxq99rwu2dya0lQk8u20RSnBjhxm7FmC1OnscTc/edit?usp=sharing,ALTO,X
"Lograr que las ciudades y los asentamientos humanos sean inclusivos, seguros, resilientes y sostenibles",Razón de crecimiento de la mancha urbana respecto al crecimiento de su población (expansión de las ciudades),SEDATU,Quinquenal; Distintas periodicidad,Nacional,,,https://drive.google.com/uc?export=download&id=0B8H92S-nvsXecXVheThvRmhFT00,,http://busca.datos.gob.mx/#/conjuntos/ods-sedatu,,https://drive.google.com/file/d/0B-4W2dww7ELNLWNSYXFVUTlzYkE/view?usp=sharing,,,,,,,,https://docs.google.com/spreadsheets/d/1c-MwQY0XzNrlCVZIRVRnejEXr99w-Wcqu-h7NHvAM3U/edit?usp=sharing,BAJO,
"Lograr que las ciudades y los asentamientos humanos sean inclusivos, seguros, resilientes y sostenibles","Residuos sólidos urbanos manejados adecuadamente*
(Proporción de los residuos recolectados por la ciudad y dispuestos adecuadamente en rellenos sanitarios, incineradores o en instalaciones de reciclaje. Expresado en términos del volumen total de residuos generados en la ciudad.)",SEDATU,Anual,Estatal,,,https://drive.google.com/uc?export=download&id=0B8H92S-nvsXeVVFvMnlOZUwxWGs,,http://busca.datos.gob.mx/#/conjuntos/ods-sedatu,,https://drive.google.com/file/d/0B-4W2dww7ELNT2t5SExsVkVLY0E/view?usp=sharing,,,,,,,,https://docs.google.com/spreadsheets/d/1xvKUoEU0duswjcN0BID8roZnrMmj45Yxi_cExSMz5pU/edit?usp=sharing,ALTO,
"Lograr que las ciudades y los asentamientos humanos sean inclusivos, seguros, resilientes y sostenibles",Accesibilidad al Espacio Público Abierto (porcentaje del área urbana que está localizada a menos de 300 metros de un espacio público abierto.),SEDATU,Anual,Estatal,,,https://drive.google.com/uc?export=download&id=0B8H92S-nvsXeWjN0UHZpTzlSZFU,,http://busca.datos.gob.mx/#/conjuntos/ods-sedatu,,https://drive.google.com/file/d/0B-4W2dww7ELNZzZDUUxUeUFlMGc/view?usp=sharing,,,,,,,,https://docs.google.com/spreadsheets/d/1EUnOMeAo02IODB5gXtql3UshCtJ2N7fAU6e8_9iT9f4/edit?usp=sharing,ALTO,
Poner fin a la pobreza en todas sus formas en todo el mundo,Proporción de la población con acceso a la seguridad social,SEDESOL,Bianual | Bianual,Nacional | Estatal,Hombres; Mujeres; Menores de 18; Mayores de 65; Personas que hablan alguna lengua indígena; Personas con discapacidad; Madres jefas de familia,,https://drive.google.com/uc?export=download&id=0B-4W2dww7ELNOWRTVWtDNzY1cWc,,http://busca.datos.gob.mx/#/conjuntos/indicadores-de-inclusion-social,,,,,,,,,,https://docs.google.com/spreadsheets/d/1Q_Y0McPElId8mDTIu85tlF14QUuTKdRcvAoV6lb8BQU/edit?usp=sharing,ALTO,
Poner fin a la pobreza en todas sus formas en todo el mundo,Proporción de la población en pobreza con acceso a la seguridad social,SEDESOL,Bianual | Bianual,Nacional | Estatal,Hombres; Mujeres; Menores de 18; Mayores de 65; Personas que hablan alguna lengua indígena; Personas con discapacidad; Madres jefas de familia,,https://drive.google.com/uc?export=download&id=0B-4W2dww7ELNY05aVDV6OUJLX2c,,http://busca.datos.gob.mx/#/conjuntos/indicadores-de-inclusion-social,,,,,,,,,,https://docs.google.com/spreadsheets/d/1wQKj1E2jKCv_Gugm9yfRRbdMJZecccYSOnAJEBojC1E/edit?usp=sharing,ALTO,
Poner fin a la pobreza en todas sus formas en todo el mundo,Proporción de adultos mayores que recibe una pensión (65 y más),SEDESOL,Bianual | Bianual,Nacional | Estatal,Hombres; Mujeres; Personas que hablan alguna lengua indígena; Personas con discapacidad; Madres jefas de familia,,https://drive.google.com/uc?export=download&id=0B-4W2dww7ELNSXRCcjFUU2FJVVE,,http://busca.datos.gob.mx/#/conjuntos/indicadores-de-inclusion-social,,,,,,,,,,https://docs.google.com/spreadsheets/d/1JbskNwNCX97B8rX0mQzfRfYidLvs7NOCn05JpSrsPEE/edit?usp=sharing,ALTO,
Poner fin a la pobreza en todas sus formas en todo el mundo,Proporción de hogares con niños que reciben beca educativa (Prospera),SEDESOL,Bianual | Bianual,Nacional | Estatal,,,https://drive.google.com/uc?export=download&id=0B-4W2dww7ELNZ1gtSnhNNW9tNFk,,http://busca.datos.gob.mx/#/conjuntos/indicadores-de-inclusion-social,,,,,,,,,,https://docs.google.com/spreadsheets/d/1VwAWjBiGTcn7rkYovr3DVnIeEXcFSoLh6k8N8hm6nbg/edit?usp=sharing,ALTO,
Poner fin a la pobreza en todas sus formas en todo el mundo,"Proporción de pobres y/o vulnerables que reciben subsidios (Prospera, et al.)",SEDESOL,Bianual | Bianual,Nacional | Estatal,Hombres; Mujeres; Personas que hablan alguna lengua indígena; Personas con discapacidad; Madres jefas de familia,,https://drive.google.com/uc?export=download&id=0B-4W2dww7ELNdUVjLWMxcGozbGM,,http://busca.datos.gob.mx/#/conjuntos/indicadores-de-inclusion-social,,,,,,,,,,https://docs.google.com/spreadsheets/d/1Kwnk0Jxip8nOsqd4bgn11gbw0sJFEUbPpbW_BpA0IEQ/edit?usp=sharing,ALTO,
Poner fin a la pobreza en todas sus formas en todo el mundo,Proporción de la población/hogares con acceso a los servicios básicos en la vivienda,SEDESOL,Bianual | Bianual,Nacional | Estatal,Hombres; Mujeres; Menores de 18; Mayores de 65; Personas que hablan alguna lengua indígena; Personas con discapacidad; Madres jefas de familia,,https://drive.google.com/uc?export=download&id=0B-4W2dww7ELNQTFfN2FVS3JGek0,,http://busca.datos.gob.mx/#/conjuntos/indicadores-de-inclusion-social,,,,,,,,,,https://docs.google.com/spreadsheets/d/1MfzoothF1aN1V2bvxgXNp3TjWiDSDWRA_QjtRPAHHuo/edit?usp=sharing,ALTO,
"Promover el crecimiento económico sostenido, inclusivo y sostenible, el empleo pleno y productivo y el trabajo decente para todos",Brechas de ingresos por trabajo,SEDESOL,Bianual | Bianual,Nacional | Estatal,Hombres; Mujeres; Personas que hablan alguna lengua indígena; Personas con discapacidad; Madres jefas de familia,,https://drive.google.com/uc?export=download&id=0B-4W2dww7ELNS0U4WU5ZdVFMLU0,,http://busca.datos.gob.mx/#/conjuntos/indicadores-de-inclusion-social,,,,,,,,,,https://docs.google.com/spreadsheets/d/1goacOFwhjBpv3woHIlxrxSr16heqwBEm0CpsbvinyFc/edit?usp=sharing,BAJO,
Reducir la desigualdad en y entre los países,Índice de Palma (Razón de ingreso entre el 10% más rico y el 40% más pobre) ,SEDESOL,Bianual | Bianual,Nacional | Estatal,Hombres; Mujeres; Menores de 18; Mayores de 65; Personas que hablan alguna lengua indígena; Personas con discapacidad,,https://drive.google.com/uc?export=download&id=0B-4W2dww7ELNYjdWUk9DUnNFMGs,,http://busca.datos.gob.mx/#/conjuntos/indicadores-de-inclusion-social,,,,,,,,,,https://docs.google.com/spreadsheets/d/1wbytLCW0GSIN8UH_WfmKH0uVDExM-1l3I_kQ8OxM9UI/edit?usp=sharing,ALTO,
Reducir la desigualdad en y entre los países,Proporción de la población que vive debajo del 50% del ingreso medio ,SEDESOL,Bianual | Bianual,Nacional | Estatal,Hombres; Mujeres; Menores de 18; Mayores de 65; Personas que hablan alguna lengua indígena; Personas con discapacidad,,https://drive.google.com/uc?export=download&id=0B-4W2dww7ELNTE9hbUJMMGh3Mzg,,http://busca.datos.gob.mx/#/conjuntos/indicadores-de-inclusion-social,,,,,,,,,,https://docs.google.com/spreadsheets/d/199OCbnwGPY44RlWUS7JD6QwYw5SpwkIllEtGkO2iDlI/edit?usp=sharing,BAJO,
Garantizar la disponibilidad de agua y su ordenación sostenible y el saneamiento para todos,Porcentaje de aguas residuales tratadas ,SEMARNAT,Anual,Estatal,,,http://dsiappsdev.semarnat.gob.mx/datos/Tratamiento_X_ent_federativa.csv,,http://busca.datos.gob.mx/#/conjuntos/agua-residual-que-recibe-tratamiento,,https://drive.google.com/file/d/0B3OqCUmmMLMOX0N3RERnNjJlNzA/view?usp=sharing,,,1,,1,,,https://docs.google.com/spreadsheets/d/1YSepmTboldPiR36BkO5ft0sJHGTklfU15umap_osojs/edit?usp=sharing,ALTO,
Garantizar la disponibilidad de agua y su ordenación sostenible y el saneamiento para todos,Grado de presión de los recursos hídricos (Presión del agua),SEMARNAT,Anual,Nacional,,,http://dsiappsdev.semarnat.gob.mx/datos/Grado_presion_Nacional.csv,,http://busca.datos.gob.mx/#/conjuntos/grado-de-presion-de-los-recursos-hidricos,,https://drive.google.com/file/d/0B3OqCUmmMLMOQlFCdjZNTVpjcWc/view?usp=sharing,,,1,,,,,https://docs.google.com/spreadsheets/d/1N-TBj_SrAgtmmMdi7b8jeVkxjEcmEtmtCA9WMRsJtWc/edit?usp=sharing,ALTO,
Garantizar la disponibilidad de agua y su ordenación sostenible y el saneamiento para todos,Eficiencia en la productividad del agua en el sector agrícola (ton/m3) (Productividad del agua),SEMARNAT,Anual,Nacional,,,http://dsiappsdev.semarnat.gob.mx/datos/Eficiencia_agr%C3%ADcola.csv,,http://busca.datos.gob.mx/#/conjuntos/eficencia-en-el-uso-del-agua-en-el-sector-agricola-de-riego,,https://drive.google.com/file/d/0B3OqCUmmMLMONW1Weml0YVBSWG8/view?usp=sharing,,,1,,,,,https://docs.google.com/spreadsheets/d/1yO3wOEpnJKVxVmYs0D45MmTX2cRQ8tHMvd6Z0Q1sYHs/edit?usp=sharing,ALTO,
"Garantizar el acceso a una energía asequible, segura, sostenible y moderna para todos",Porcentaje de la población con servicio eléctrico,SENER,Anual,Estatal,,,http://200.23.166.126/SIE_SW/ReportesSIE/DatosAbiertosSW/Diccionario_DA/Indicador_INCLUSION_SOCIAL_Electrificacion.csv,,http://busca.datos.gob.mx/#/conjuntos/electrificacion-por-habitante,,https://drive.google.com/file/d/0B3OqCUmmMLMOZmJXbGRudEhuMFU/view?usp=sharing,,,,,,,,https://docs.google.com/spreadsheets/d/1txCvN1tzZFD8gSB67Ltw6yt-vf_-IhBMSl5aiJ1afiw/edit?usp=sharing,ALTO,
"Garantizar una educación inclusiva, equitativa y de calidad y promover oportunidades de aprendizaje durante toda la vida para todos","Tasa neta de matriculación por nivel educativo (primaria, secundaria y media superior)",SEP,Anual,Municipal,,,http://www.siged.sep.gob.mx/SIGED/content/conn/WCPortalUCM/path/Contribution%20Folders/PortalSIGED/Descargas/Datos%20Abiertos/Estad%c3%adstica%20Educativa/Estad%c3%adsticas%20e%20Indicadores%20Educativos/ObjetivosDesarrolloSustentable/Tasa%20neta%20de%20matriculaci%c3%b3n%20por%20nivel%20educativo.csv,,http://busca.datos.gob.mx/#/conjuntos/indicadores-objetivos-de-desarrollo-sustentable,,,,,,,,,,https://docs.google.com/spreadsheets/d/18wQBubaDsd1pGOa0_-EwXOzxNfH-HPua344FHjBeLvw/edit?usp=sharing,ALTO,
"Garantizar una educación inclusiva, equitativa y de calidad y promover oportunidades de aprendizaje durante toda la vida para todos","Eficiencia terminal por nivel educativo (primaria, secundaria y media superior)",SEP,Anual,Municipal,,,http://www.siged.sep.gob.mx/SIGED/content/conn/WCPortalUCM/path/Contribution%20Folders/PortalSIGED/Descargas/Datos%20Abiertos/Estad%c3%adstica%20Educativa/Estad%c3%adsticas%20e%20Indicadores%20Educativos/ObjetivosDesarrolloSustentable/Eficiencia%20terminal%20por%20nivel%20educativo.csv,,http://busca.datos.gob.mx/#/conjuntos/indicadores-objetivos-de-desarrollo-sustentable,,,,,,,,,,https://docs.google.com/spreadsheets/d/1GZRMr7VyEyxQk3JXk_CNuSjmrhzkn90rWdlh3VwdHxo/edit?usp=sharing,ALTO,
"Garantizar una educación inclusiva, equitativa y de calidad y promover oportunidades de aprendizaje durante toda la vida para todos","Tasa de abandono escolar por nivel educativo (primaria, secundaria y media superior)",SEP,Anual,Municipal,,,http://www.siged.sep.gob.mx/SIGED/content/conn/WCPortalUCM/path/Contribution%20Folders/PortalSIGED/Descargas/Datos%20Abiertos/Estad%c3%adstica%20Educativa/Estad%c3%adsticas%20e%20Indicadores%20Educativos/ObjetivosDesarrolloSustentable/Tasa%20de%20abandono%20escolar%20por%20nivel%20educativo.csv,,http://busca.datos.gob.mx/#/conjuntos/indicadores-objetivos-de-desarrollo-sustentable,,,,,,,,,,https://docs.google.com/spreadsheets/d/1CsmP96B_wlyDmWViZSamuQD48sKkNbk8k4GjbbHLZ0o/edit?usp=sharing,BAJO,
"Garantizar una educación inclusiva, equitativa y de calidad y promover oportunidades de aprendizaje durante toda la vida para todos",Proporción de alumnos que asisten a escuelas con horario ampliado (6-8 horas diarias),SEP,,,,,,,,,,,,,,,,x,,ALTO,
"Garantizar una educación inclusiva, equitativa y de calidad y promover oportunidades de aprendizaje durante toda la vida para todos",Proporción de niñas y niños que reciben al menos un año de prescolar,SEP,Anual,Municipal,,,http://www.siged.sep.gob.mx/SIGED/content/conn/WCPortalUCM/path/Contribution%20Folders/PortalSIGED/Descargas/Datos%20Abiertos/Estad%c3%adstica%20Educativa/Estad%c3%adsticas%20e%20Indicadores%20Educativos/ObjetivosDesarrolloSustentable/Proporci%c3%b3n%20de%20ni%c3%b1as%20y%20ni%c3%b1os%20que%20reciben%20al%20menos%20un%20a%c3%b1o%20de%20preescolar.csv,,http://busca.datos.gob.mx/#/conjuntos/indicadores-objetivos-de-desarrollo-sustentable,,,,,,,,,,https://docs.google.com/spreadsheets/d/1zzerixhCwa-s_6FKI7ohHDbxa2sCPfmgC6j3ZZSb4eU/edit?usp=sharing,ALTO,
"Garantizar una educación inclusiva, equitativa y de calidad y promover oportunidades de aprendizaje durante toda la vida para todos","Tasa bruta de matriculación en educación terciaria (técnica, vocacional y universidad)",SEP,Anual,Estatal,,,http://www.siged.sep.gob.mx/SIGED/content/conn/WCPortalUCM/path/Contribution%20Folders/PortalSIGED/Descargas/Datos%20Abiertos/Estad%c3%adstica%20Educativa/Estad%c3%adsticas%20e%20Indicadores%20Educativos/ObjetivosDesarrolloSustentable/Tasa%20bruta%20de%20matriculaci%c3%b3n%20en%20educaci%c3%b3n%20terciaria.csv,,http://busca.datos.gob.mx/#/conjuntos/indicadores-objetivos-de-desarrollo-sustentable,,,,,,,,,,https://docs.google.com/spreadsheets/d/1I550Gl0lMYP1GXQappg6XPzHmTBHosqnRk-Xcyi9lZs/edit?usp=sharing,ALTO,
"Garantizar una educación inclusiva, equitativa y de calidad y promover oportunidades de aprendizaje durante toda la vida para todos",Tasa de absorción de educación media superior,SEP,Anual,Municipal,,,http://www.siged.sep.gob.mx/SIGED/content/conn/WCPortalUCM/path/Contribution%20Folders/PortalSIGED/Descargas/Datos%20Abiertos/Estad%c3%adstica%20Educativa/Estad%c3%adsticas%20e%20Indicadores%20Educativos/ObjetivosDesarrolloSustentable/Tasa%20de%20absorci%c3%b3n%20de%20educaci%c3%b3n%20media%20superior.csv,,http://busca.datos.gob.mx/#/conjuntos/indicadores-objetivos-de-desarrollo-sustentable,,,,,,,,,,https://docs.google.com/spreadsheets/d/1ooEWt84yajM13QK3LIY3-LxAB_R7luygXZR5QAyxwTA/edit?usp=sharing,ALTO,
"Garantizar una educación inclusiva, equitativa y de calidad y promover oportunidades de aprendizaje durante toda la vida para todos",Eficiencia terminal en educación terciaria,SEP,Anual,Estatal,,,http://www.siged.sep.gob.mx/SIGED/content/conn/WCPortalUCM/path/Contribution%20Folders/PortalSIGED/Descargas/Datos%20Abiertos/Estad%c3%adstica%20Educativa/Estad%c3%adsticas%20e%20Indicadores%20Educativos/ObjetivosDesarrolloSustentable/Eficiencia%20terminal%20en%20educaci%c3%b3n%20terciaria.csv,,http://busca.datos.gob.mx/#/conjuntos/indicadores-objetivos-de-desarrollo-sustentable,,,,,,,,,,https://docs.google.com/spreadsheets/d/1Sq8aFTT3zjB6u3t3AWlvrS_G6lQxCVMoCeswRHab5ew/edit?usp=sharing,ALTO,
"Garantizar una educación inclusiva, equitativa y de calidad y promover oportunidades de aprendizaje durante toda la vida para todos",Tasa de alfabetización entre jóvenes y adultos,SEP,Anual,Nacional; Estatal,,,http://www.siged.sep.gob.mx/SIGED/content/conn/WCPortalUCM/path/Contribution%20Folders/PortalSIGED/Descargas/Datos%20Abiertos/Estad%c3%adstica%20Educativa/Estad%c3%adsticas%20e%20Indicadores%20Educativos/ObjetivosDesarrolloSustentable/Tasa%20de%20alfabetizaci%c3%b3n%20entre%20j%c3%b3venes%20y%20adultos.csv,,http://busca.datos.gob.mx/#/conjuntos/indicadores-objetivos-de-desarrollo-sustentable,,,,,,,,,,https://docs.google.com/spreadsheets/d/1Fps0lN7QbNOYY3uXjzqMadbtrOZFLUUwTfgP_1ZgaAE/edit?usp=sharing,ALTO,
"Garantizar una educación inclusiva, equitativa y de calidad y promover oportunidades de aprendizaje durante toda la vida para todos",Porcentaje de mujeres en la población universitaria de las áreas de ingeniería y tecnología,SEP,Anual,Estatal,,,http://www.siged.sep.gob.mx/SIGED/content/conn/WCPortalUCM/path/Contribution%20Folders/PortalSIGED/Descargas/Datos%20Abiertos/Estad%c3%adstica%20Educativa/Estad%c3%adsticas%20e%20Indicadores%20Educativos/ObjetivosDesarrolloSustentable/Porcentaje%20de%20mujeres%20en%20la%20poblaci%c3%b3n%20universitaria%20de%20las%20%c3%a1reas%20de%20ingenier%c3%ada%20y%20tecnolog%c3%ada.csv,,http://busca.datos.gob.mx/#/conjuntos/indicadores-objetivos-de-desarrollo-sustentable,,,,,,,,,,https://docs.google.com/spreadsheets/d/17nvP0hUF4PKfXJgUiDZDOKSJOQdwMn_neAOKgdVn0yM/edit?usp=sharing,ALTO,
"Garantizar una educación inclusiva, equitativa y de calidad y promover oportunidades de aprendizaje durante toda la vida para todos",Tasa de alfabetización entre jóvenes y adultos,SEP,,,,,,,,,,,,,,,,x,,ALTO,
"Garantizar una educación inclusiva, equitativa y de calidad y promover oportunidades de aprendizaje durante toda la vida para todos",Proporción de escuelas con rezago en infraestructura alto o muy alto,SEP,,,,,,,,,,,,,,,,x,,BAJO,
"Garantizar una educación inclusiva, equitativa y de calidad y promover oportunidades de aprendizaje durante toda la vida para todos",Proporción de alumnos que asisten a escuelas con rezago en infraestructura alto o muy alto,SEP,,,,,,,,,,,,,,,,x,,BAJO,
Reducir la desigualdad en y entre los países,Proporción del gasto social por quintiles de ingreso,SHCP,,,,,,,,,,,,,,,,x,,ALTO,X
Poner fin a la pobreza en todas sus formas en todo el mundo,Proporción de trabajadores cubiertos contra los accidentes de trabajo,STPS,,,,,,,,,,,,,,,,x,,ALTO,
Lograr la igualdad entre los géneros y el empoderamiento de todas las mujeres y niñas,Brecha entre las tasas netas de participación de hombres y mujeres,STPS,Anual,Nacional; Estatal,15 a 29 años; 30 y más años,,http://datosabiertos.stps.gob.mx/ods/Indicador_Brecha_entre_TNP_femenina_y_TNP_masculina.csv,,http://busca.datos.gob.mx/#/conjuntos/ods-secretaria-del-trabajo-y-prevision-social,,https://drive.google.com/file/d/0B-4W2dww7ELNUU84dHhsQ0VXOVE/view?usp=sharing,,,,,,,,https://docs.google.com/spreadsheets/d/1pMHm43nf-WPngo3KZuFdGR_NgE4i2_4OEzHvBNJPMfI/edit?usp=sharing,BAJO,
Lograr la igualdad entre los géneros y el empoderamiento de todas las mujeres y niñas,Proporción de mujeres en ocupaciones profesionales (trabajadoras no manuales de alta calificación),STPS,,,,,,,,,,,,,,,,x,,ALTO,
"Promover el crecimiento económico sostenido, inclusivo y sostenible, el empleo pleno y productivo y el trabajo decente para todos",Tasa de crecimiento del PIB por persona ocupada,STPS,Anual,Nacional,,,http://datosabiertos.stps.gob.mx/ods/Indicador_Tasa%20de%20crecimiento%20del%20PIB%20por%20persona%20ocupada.csv,,http://busca.datos.gob.mx/#/conjuntos/ods-secretaria-del-trabajo-y-prevision-social,,https://drive.google.com/file/d/0B-4W2dww7ELNUU84dHhsQ0VXOVE/view?usp=sharing,,,,,,,,https://docs.google.com/spreadsheets/d/1LDNSLvVOBkvCQ9Hv9tMcv3mey_S5glGikvbHoVoMyZ8/edit?usp=sharing,ALTO,
"Promover el crecimiento económico sostenido, inclusivo y sostenible, el empleo pleno y productivo y el trabajo decente para todos",Indice de puestos de trabajo registrados en el IMSS,STPS,Anual,Nacional; Estatal,,,http://datosabiertos.stps.gob.mx/ods/Indicador_Indices_de_puestos_registrados_al_IMSS.CSV,,http://busca.datos.gob.mx/#/conjuntos/ods-secretaria-del-trabajo-y-prevision-social,,https://drive.google.com/file/d/0B-4W2dww7ELNUU84dHhsQ0VXOVE/view?usp=sharing,,,,,,,,https://docs.google.com/spreadsheets/d/1qt09S1OaQu5DgX4RHK9tTrwDwEafwPn5eqq0RdbDmO8/edit?usp=sharing,ALTO,
"Promover el crecimiento económico sostenido, inclusivo y sostenible, el empleo pleno y productivo y el trabajo decente para todos",Tasa de informalidad laboral,STPS,Anual,Nacional; Estatal,15 a 29 años; 30 y más años; Hombres; Mujeres,,http://datosabiertos.stps.gob.mx/ods/Indicador_Tasa_de_informalidad.csv,,http://busca.datos.gob.mx/#/conjuntos/ods-secretaria-del-trabajo-y-prevision-social,,https://drive.google.com/file/d/0B-4W2dww7ELNUU84dHhsQ0VXOVE/view?usp=sharing,,,,,,,,https://docs.google.com/spreadsheets/d/1xIr1ZQFSmYyvHHWGJT9f4dJk9TqYHYU4qoKc76OdVPY/edit?usp=sharing,BAJO,
"Promover el crecimiento económico sostenido, inclusivo y sostenible, el empleo pleno y productivo y el trabajo decente para todos",Tasa neta de participación,STPS,Anual,Nacional; Estatal,15 a 29 años; 30 y más años; Hombres; Mujeres,,http://datosabiertos.stps.gob.mx/ods/Indicador_Tasa_neta_de_participaci%C3%B3n.csv,,http://busca.datos.gob.mx/#/conjuntos/ods-secretaria-del-trabajo-y-prevision-social,,https://drive.google.com/file/d/0B-4W2dww7ELNUU84dHhsQ0VXOVE/view?usp=sharing,,,,,,,,https://docs.google.com/spreadsheets/d/1LxP7hlgsnwndJESwfqrE1F8RJnD2yN5Kl3XVJeClB5A/edit?usp=sharing,ALTO,
"Promover el crecimiento económico sostenido, inclusivo y sostenible, el empleo pleno y productivo y el trabajo decente para todos",Tasa de desocupación,STPS,Anual,Nacional; Estatal,15 a 29 años; 30 y más años; Hombres; Mujeres,,http://datosabiertos.stps.gob.mx/ods/Indicador_Tasa_de_desocupaci%C3%B3n.csv,,http://busca.datos.gob.mx/#/conjuntos/ods-secretaria-del-trabajo-y-prevision-social,,https://drive.google.com/file/d/0B-4W2dww7ELNUU84dHhsQ0VXOVE/view?usp=sharing,,,,,,,,https://docs.google.com/spreadsheets/d/15jsP8ujl77mRtt_tBLKMpQzD64rxdD-QXzl_9VeBafQ/edit?usp=sharing,BAJO,
"Promover el crecimiento económico sostenido, inclusivo y sostenible, el empleo pleno y productivo y el trabajo decente para todos",Tasa de desocupación de jovenes (15 a 24 años),STPS,,,,,,,,,,,,,,,,x,,BAJO,
"Promover el crecimiento económico sostenido, inclusivo y sostenible, el empleo pleno y productivo y el trabajo decente para todos",Tasa de ocupación infantil,STPS,Anual,Estatal,,,http://datosabiertos.stps.gob.mx/ods/Indicador_Tasa_de_ocupaci%C3%B3n_infantil.csv,,http://busca.datos.gob.mx/#/conjuntos/ods-secretaria-del-trabajo-y-prevision-social,,https://drive.google.com/file/d/0B-4W2dww7ELNUU84dHhsQ0VXOVE/view?usp=sharing,,,,,,,,https://docs.google.com/spreadsheets/d/1w3k_9lUmp2L2LqO-KUJaWCCjgsE6nynVefB2I93TiuE/edit?usp=sharing,BAJO,
Garantizar una vida sana y promover el bienestar para todos en todas las edades,Satisfacción con la vida,INEGI,,,,,http://www.inegi.org.mx/est/contenidos/proyectos/descargas/doc/1_satisfaccion_con_la_vida.zip,,,,,,,,1,1,,,https://docs.google.com/spreadsheets/d/1KN0Lc7weqi7dYt7lzG8NSAd254zZlC_dNr2VkgKM4Wc/edit?usp=sharing,ALTO,
"Construir infraestructura resiliente, promover la industrialización inclusiva y sostenible y fomentar la innovación",Usuarios de Internet,INEGI,,,,,http://www.inegi.org.mx/est/contenidos/proyectos/descargas/doc/2_usuarios_internet.zip,,,,,,,,,1,,,https://docs.google.com/spreadsheets/d/1LDEZpfah6vj2Ln9HD1YU_9uWnTcvHu0361teadvG5Aw/edit?usp=sharing,ALTO,
"Garantizar una educación inclusiva, equitativa y de calidad y promover oportunidades de aprendizaje durante toda la vida para todos",Razón de paridad educativa,INEGI,,,,,http://www.inegi.org.mx/est/contenidos/proyectos/descargas/doc/3_razon_paridad_educativa.zip,,,,,,,,,1,,,https://docs.google.com/spreadsheets/d/1D-QWrf2uRHYqY0UOuLmc2G5JVlDVOGLVBUaGqD_3hUc/edit?usp=sharing,ALTO,
Lograr la igualdad entre los géneros y el empoderamiento de todas las mujeres y niñas,Mujeres que han sufrido violencia por parte de su actual o útima pareja,INEGI,,,,,http://www.inegi.org.mx/est/contenidos/proyectos/descargas/doc/4_1_violencia_mujeres_urb_rural_pareja_actual.zip,,,,,,,,,1,,,https://docs.google.com/spreadsheets/d/1XwzbDsClJFVeYMhBxzxFgbu2g1zmOBBHkoSpQpwjauk/edit?usp=sharing,BAJO,
Lograr la igualdad entre los géneros y el empoderamiento de todas las mujeres y niñas,Mujeres que hablan una lengua indi­gena y han sufrido violencia por parte de su actual o última pareja,INEGI,,,,,http://www.inegi.org.mx/est/contenidos/proyectos/descargas/doc/4_2_violencia_mujeres_indigena_pareja_actual.zip,,,,,,,,,1,,,https://docs.google.com/spreadsheets/d/1S3VP5shHVOrFmeOQmoBWG_gHshTn38_u3gEvp4_EzE8/edit?usp=sharing,BAJO,
Lograr la igualdad entre los géneros y el empoderamiento de todas las mujeres y niñas,Mujeres que han sufrido violencia,INEGI,,,,,http://www.inegi.org.mx/est/contenidos/proyectos/descargas/doc/4_3_violencia_sit_conyugal_pareja_actual.zip,,,,,,,,,1,,,https://docs.google.com/spreadsheets/d/1g6R76ux3fMBi_kMQQDECAxnFGVG0Wle-p7nyNz1fq6I/edit?usp=sharing,BAJO,
Lograr la igualdad entre los géneros y el empoderamiento de todas las mujeres y niñas,Mujeres que han sufrido violencia por parte de cualquier agresor distinto a su pareja,INEGI,,,,,http://www.inegi.org.mx/est/contenidos/proyectos/descargas/doc/5_1_violencia_mujeres_urb_rural_agresor_distinto.zip,,,,,,,,,1,,,https://docs.google.com/spreadsheets/d/1BoEHN4Npk3vXwbmobrTOJl3mCChUcryXmgHdUrY3sB0/edit?usp=sharing,BAJO,
Lograr la igualdad entre los géneros y el empoderamiento de todas las mujeres y niñas,Mujeres que hablan una lengua indi­gena y que han sufrido violencia por parte de cualquier agresor distinto a su pareja,INEGI,,,,,http://www.inegi.org.mx/est/contenidos/proyectos/descargas/doc/5_2_violencia_mujeres_indigena_agresor_distinto.zip,,,,,,,,,1,,,https://docs.google.com/spreadsheets/d/1z_LdDNf85ZE316UUwHdNUrnZQ1uIvhMqEsr_iq3HC-Q/edit?usp=sharing,BAJO,
Lograr la igualdad entre los géneros y el empoderamiento de todas las mujeres y niñas,Mujeres que han sufrido violencia por parte de cualquier agresor distintio a su pareja,INEGI,,,,,http://www.inegi.org.mx/est/contenidos/proyectos/descargas/doc/5_3_violencia_sit_conyugal_agresor_distinto.zip,,,,,,,,,1,,,https://docs.google.com/spreadsheets/d/1J4o1RusIkDB1p6s8oApqYsGfxCaFyyPpAnOf5KlmGJs/edit?usp=sharing,BAJO,
Lograr la igualdad entre los géneros y el empoderamiento de todas las mujeres y niñas,Mujeres casadas o viven en pareja,INEGI,,,,,http://www.inegi.org.mx/est/contenidos/proyectos/descargas/doc/6_mujeres20a24_casadas.zip,,,,,,,,,1,,,https://docs.google.com/spreadsheets/d/1T2SdrJyVSy8Q71rqL93JtcD3pY90HzLYPJSpD_TTWAg/edit?usp=sharing,ALTO,X
Lograr la igualdad entre los géneros y el empoderamiento de todas las mujeres y niñas,Matrimonios de menores de 12 a 14 años,INEGI,,,,,http://www.inegi.org.mx/est/contenidos/proyectos/descargas/doc/7_1_matrimonios_menores_12a14.zip,,,,,,,,,1,,,https://docs.google.com/spreadsheets/d/1zu1BUZkjP6i2inIftui2b_MzA2pzbEDyduPz_Quv1iQ/edit?usp=sharing,BAJO,
Lograr la igualdad entre los géneros y el empoderamiento de todas las mujeres y niñas,Matrimonios de menores de 15 a 17 años,INEGI,,,,,http://www.inegi.org.mx/est/contenidos/proyectos/descargas/doc/7_2_matrimonios_menores_15a17.zip,,,,,,,,,1,,,https://docs.google.com/spreadsheets/d/1ev_Z4JbYz3XpeTmp1EEuJObLXsPqSUIMlKI4gdXp0RM/edit?usp=sharing,BAJO,
Lograr la igualdad entre los géneros y el empoderamiento de todas las mujeres y niñas,Mujeres con algún hijo nacido vivo,INEGI,,,,,http://www.inegi.org.mx/est/contenidos/proyectos/descargas/doc/8_1_mujeres_15a19_con_hijos.zip,,,,,,,,,1,,,https://docs.google.com/spreadsheets/d/1PzfgiZHiovk3dpynssk6sN_bdqbnsGT06xewvg8Z4uM/edit?usp=sharing,ALTO,X
Lograr la igualdad entre los géneros y el empoderamiento de todas las mujeres y niñas,Mujeres que hablan una lengua indígena con algún hijo nacido vivo,INEGI,,,,,http://www.inegi.org.mx/est/contenidos/proyectos/descargas/doc/8_2_mujeres_15a19_lengua_indigena.zip,,,,,,,,,1,,,https://docs.google.com/spreadsheets/d/1UbOnVkrwYGlrIwGmYA5X3hOPUnLoRMMgb23gWEzGGlQ/edit?usp=sharing,ALTO,X
Lograr la igualdad entre los géneros y el empoderamiento de todas las mujeres y niñas,Horas semanales dedicadas a actividades de cuidado dentro de los hogares,INEGI,,,,,http://www.inegi.org.mx/est/contenidos/Proyectos/Descargas/doc/9_promedio_horas_trabajo_cuidados.zip,,,,,,,,,1,,,https://docs.google.com/spreadsheets/d/1dBb4Df8K2Kd46nQ74kkPZ7fKLbbUCD7HzqoieG1RNeI/edit?usp=sharing,ALTO,X
Lograr la igualdad entre los géneros y el empoderamiento de todas las mujeres y niñas,Horas semanales dedicadas a tareas domésticas no remuneradas dentro de los hogares,INEGI,,,,,http://www.inegi.org.mx/est/contenidos/Proyectos/Descargas/doc/10_promedio_horas_trabajo_domestico.zip,,,,,,,,,1,,,https://docs.google.com/spreadsheets/d/11VTHXqdW5K6KcetIJFAwhbGDemfjwPD5u3I7MWUTrB0/edit?usp=sharing,ALTO,X
Lograr la igualdad entre los géneros y el empoderamiento de todas las mujeres y niñas,Horas semanales dedicadas a tareas domésticas no remuneradas y actividades de cuidado dentro de los hogares,INEGI,,,,,http://www.inegi.org.mx/est/contenidos/Proyectos/Descargas/doc/11_promedio_horas_trabajo_domestico_cuidados.zip,,,,,,,,,1,,,https://docs.google.com/spreadsheets/d/1xkLwuc9sgwD5Y5p9rhwndmG-kQ-CKWhozRg3Wyrh4SM/edit?usp=sharing,ALTO,X
Lograr la igualdad entre los géneros y el empoderamiento de todas las mujeres y niñas,Mujeres en las alcaldías,INEGI,,,,,http://www.inegi.org.mx/est/contenidos/proyectos/descargas/doc/12_porcentaje_mujeres_alcaldias.zip,,,,,,,,,1,,,https://docs.google.com/spreadsheets/d/1rkaBxp4Ryaw9ERVHm4F7LDeIvaT49jhafZeJfSROVrs/edit?usp=sharing,ALTO,
Lograr la igualdad entre los géneros y el empoderamiento de todas las mujeres y niñas,Mujeres en puestos directivos,INEGI,,,,,http://www.inegi.org.mx/est/contenidos/proyectos/descargas/doc/14_mujeres_puestos_directivos.zip,,,,,,,,,1,,,https://docs.google.com/spreadsheets/d/1k39NzAhrgV4T_kM09t-gQpLI2aMiiOzPvQUkNkRfIlk/edit?usp=sharing,ALTO,
Garantizar la disponibilidad de agua y su ordenación sostenible y el saneamiento para todos,Abastecimiento de agua,INEGI,,,,,http://www.inegi.org.mx/est/contenidos/proyectos/descargas/doc/15_proporcion_abastecimiento_agua_2010.zip,,,,,,,,,1,,,https://docs.google.com/spreadsheets/d/1_iYTKtz-JgfGNSs-SL1Fohw7yiABPWyVhl7k1WQ4gAw/edit?usp=sharing,ALTO,
Garantizar la disponibilidad de agua y su ordenación sostenible y el saneamiento para todos,Servicios de saneamiento mejorados,INEGI,,,,,http://www.inegi.org.mx/est/contenidos/proyectos/descargas/doc/16_proporcion_saneamiento_2010.zip,,,,,,,,,1,,,https://docs.google.com/spreadsheets/d/1GxYLBPv-2Xkr3khtT2lM7oeocF2x8Zi2qrfKOSM4flE/edit?usp=sharing,ALTO,
Garantizar la disponibilidad de agua y su ordenación sostenible y el saneamiento para todos,Agua entubada en el ambito de la vivienda,INEGI,,,,,http://www.inegi.org.mx/est/contenidos/proyectos/descargas/doc/17_agua_entubada.zip,,,,,,,,,1,,,https://docs.google.com/spreadsheets/d/1JdlMEQ1RvkF8yt0O9JLXlVHRSXarWHGcoHSZgfOcI9M/edit?usp=sharing,ALTO,
"Garantizar el acceso a una energía asequible, segura, sostenible y moderna para todos",Viviendas particulares habitadas donde se utiliza leña o carbón para cocinar,INEGI,,,,,http://www.inegi.org.mx/est/contenidos/proyectos/descargas/doc/18_lenia_o_carbon.zip,,,,,,,,,1,,,https://docs.google.com/spreadsheets/d/1ZUkILdquZczO0dEGUZ5_4TNMuwLTy4n3_a2pdh2UM8k/edit?usp=sharing,BAJO,
"Garantizar el acceso a una energía asequible, segura, sostenible y moderna para todos",Viviendas particulares donde se utiliza leña o carbón para cocinar,INEGI,,,,,http://www.inegi.org.mx/est/contenidos/proyectos/descargas/doc/18_bis_lenia_o_carbon.zip,,,,,,,,,1,,,https://docs.google.com/spreadsheets/d/173ZlJV1slP1xYh1olAxZC0MXiDAuwh-cZNvUkGIJjOw/edit?usp=sharing,BAJO,
"Garantizar el acceso a una energía asequible, segura, sostenible y moderna para todos",Viviendas con disponibilidad de focos ahorradores,INEGI,,,,,http://www.inegi.org.mx/est/contenidos/proyectos/descargas/doc/19_focos_ahorradores.zip,,,,,,,,,1,,,https://docs.google.com/spreadsheets/d/1JLmfgQPdYuFeZAmWKXk9wseSY_34MwcZbrpe8FvZ2fY/edit?usp=sharing,ALTO,
"Garantizar el acceso a una energía asequible, segura, sostenible y moderna para todos",Viviendas con disponibilidad de paneles y calentadores solares,INEGI,,,,,http://www.inegi.org.mx/est/contenidos/proyectos/descargas/doc/20_energia_solar.zip,,,,,,,,,1,,,https://docs.google.com/spreadsheets/d/1Cn-AZONFWBX6oOBcJkml0QzzetVIPn0fw6sBDmsyeS8/edit?usp=sharing,ALTO,
"Promover el crecimiento económico sostenido, inclusivo y sostenible, el empleo pleno y productivo y el trabajo decente para todos",PIB per cápita,INEGI,,,,,http://www.inegi.org.mx/est/contenidos/proyectos/descargas/doc/21_pib_per_capita_ppc.zip,,,,,,,,,1,,,https://docs.google.com/spreadsheets/d/1Bt1VKYeJmpgDoskwBXQNz9TZ8LaOuKxmIxSnGnXqNdI/edit?usp=sharing,ALTO,
"Promover el crecimiento económico sostenido, inclusivo y sostenible, el empleo pleno y productivo y el trabajo decente para todos",Población no económicamente activa que no asiste a la escuela,INEGI,,,,,http://www.inegi.org.mx/est/contenidos/proyectos/descargas/doc/22_pnea_15_24_no_asiste_escuela.zip,,,,,,,,,1,,,https://docs.google.com/spreadsheets/d/1gx8QIsMMnTPe7zHaWMfPeRlXg_ljv3Ww5tYCyTt2cn4/edit?usp=sharing,BAJO,
"Lograr que las ciudades y los asentamientos humanos sean inclusivos, seguros, resilientes y sostenibles",Gasto en vivienda,INEGI,,,,,http://www.inegi.org.mx/est/contenidos/proyectos/descargas/doc/23_porcentaje_gasto_en_vivienda.zip,,,,,,,,,1,,,https://docs.google.com/spreadsheets/d/18cvo_Qa0_5jOiQnopXeEHmYoWFAd43fIGihVGSy6fHU/edit?usp=sharing,ALTO,X
Lograr la igualdad entre los géneros y el empoderamiento de todas las mujeres y niñas,Mujeres que han sufrido violencia por parte de cualquier agresor en los útimos 12 meses.,INEGI,,,,,http://www.inegi.org.mx/est/contenidos/proyectos/descargas/doc/24_1_tipo_violencia_mujeres_cualquier_agresor.zip,,,,,,,,,1,,,https://docs.google.com/spreadsheets/d/1I30YpE5Ymt3wGTyNn2tEDegPTka1gkmVW3FcTraOXFs/edit?usp=sharing,BAJO,
Lograr la igualdad entre los géneros y el empoderamiento de todas las mujeres y niñas,Mujeres que hablan una lengua indígena y que han sufrido violencia por parte de cualquier agresor en los últimos 12 meses,INEGI,,,,,http://www.inegi.org.mx/est/contenidos/proyectos/descargas/doc/24_2_tipo_violencia_mujeres_indigena_cualquier_agresor.zip,,,,,,,,,1,,,https://docs.google.com/spreadsheets/d/1YSepmTboldPiR36BkO5ft0sJHGTklfU15umap_osojs/edit?usp=sharing,BAJO,
Lograr la igualdad entre los géneros y el empoderamiento de todas las mujeres y niñas,Mujeres que han sufrido violencia por parte de cualquier agresor en los últimos 12 meses,INEGI,,,,,http://www.inegi.org.mx/est/contenidos/proyectos/descargas/doc/24_3_tipo_violencia_sit_conyugal_cualquier_agresor.zip,,,,,,,,,1,,,https://docs.google.com/spreadsheets/d/1w3k_9lUmp2L2LqO-KUJaWCCjgsE6nynVefB2I93TiuE/edit?usp=sharing,BAJO,
Poner fin a la pobreza en todas sus formas en todo el mundo,Proporción de la población con acceso a la seguridad social,SEDESOL,Bianual | Bianual,Nacional | Estatal,Hombres; Mujeres; Menores de 18; Mayores de 65; Personas que hablan alguna lengua indígena; Personas con discapacidad; Madres jefas de familia,,https://drive.google.com/uc?export=download&id=0B-4W2dww7ELNS0NNTmZHS095QVE,,,,,,,,,,,,https://docs.google.com/spreadsheets/d/15WKOFeZXkKilIl9lqCvA_1-p1WaD9oTa7JrO0ypW2ro/edit?usp=sharing,ALTO,
Poner fin a la pobreza en todas sus formas en todo el mundo,Proporción de la población en pobreza con acceso a la seguridad social,SEDESOL,Bianual | Bianual,Nacional | Estatal,Hombres; Mujeres; Menores de 18; Mayores de 65; Personas que hablan alguna lengua indígena; Personas con discapacidad; Madres jefas de familia,,https://drive.google.com/uc?export=download&id=0B-4W2dww7ELNRk9pSnZxQmVYNFU,,,,,,,,,,,,https://docs.google.com/spreadsheets/d/1lw9jCGwpDdW9w2x9AJVrn28tevpgvXGygRb20ElM7v0/edit?usp=sharing,BAJO,
Poner fin a la pobreza en todas sus formas en todo el mundo,Proporción de adultos mayores que recibe una pensión (65 y más),SEDESOL,Bianual | Bianual,Nacional | Estatal,Hombres; Mujeres; Personas que hablan alguna lengua indígena; Personas con discapacidad; Madres jefas de familia,,https://drive.google.com/uc?export=download&id=0B-4W2dww7ELNU1VoSnlpaEUtanM,,,,,,,,,,,,https://docs.google.com/spreadsheets/d/18W08yJJxwHOhAdS5Jtl-1FfAbpuSCKgC9kBgUfmWnXo/edit?usp=sharing,ALTO,
Poner fin a la pobreza en todas sus formas en todo el mundo,Proporción de hogares con niños que reciben beca educativa (Prospera),SEDESOL,Bianual | Bianual,Nacional | Estatal,,,https://drive.google.com/uc?export=download&id=0B-4W2dww7ELNLU12U0FUd3BIN1E,,,,,,,,,,,,https://docs.google.com/spreadsheets/d/14o8Co1IMrNjigHyXYMBctSrVdeCUhB8Y1O3B4Ba2VrY/edit?usp=sharing,ALTO,
Poner fin a la pobreza en todas sus formas en todo el mundo,"Proporción de pobres y/o vulnerables que reciben subsidios (Prospera, et al.)",SEDESOL,Bianual | Bianual,Nacional | Estatal,Hombres; Mujeres; Personas que hablan alguna lengua indígena; Personas con discapacidad; Madres jefas de familia,,https://drive.google.com/uc?export=download&id=0B-4W2dww7ELNWTl6aTRRcTFSa2M,,,,,,,,,,,,https://docs.google.com/spreadsheets/d/1fY6arqoA_ZQ3CJ8upj1uSzHS89IhYnT-H6tNP5_COXk/edit?usp=sharing,ALTO,
Poner fin a la pobreza en todas sus formas en todo el mundo,Proporción de la población/hogares con acceso a los servicios básicos en la vivienda,SEDESOL,Bianual | Bianual,Nacional | Estatal,Hombres; Mujeres; Menores de 18; Mayores de 65; Personas que hablan alguna lengua indígena; Personas con discapacidad; Madres jefas de familia,,https://drive.google.com/uc?export=download&id=0B-4W2dww7ELNT0RpeWdxSmlVb3M,,,,,,,,,,,,https://docs.google.com/spreadsheets/d/1us35WqVh5sqm_XCp7lXVMGSpUx8OvzG46xX5SYP5y7M/edit?usp=sharing,ALTO,
"Promover el crecimiento económico sostenido, inclusivo y sostenible, el empleo pleno y productivo y el trabajo decente para todos",Brechas de ingresos por trabajo,SEDESOL,Bianual | Bianual,Nacional | Estatal,Hombres; Mujeres; Personas que hablan alguna lengua indígena; Personas con discapacidad; Madres jefas de familia,,https://drive.google.com/uc?export=download&id=0B-4W2dww7ELNeEZPTzB1dmF1cmc,,,,,,,,,,,,https://docs.google.com/spreadsheets/d/1gqcyXP78sZsy6BEwtIE5qrmKx45kuSmtHGSyi0K0A6Q/edit?usp=sharing,BAJO,
Reducir la desigualdad en y entre los países,Índice de Palma (Razón de ingreso entre el 10% más rico y el 40% más pobre) ,SEDESOL,Bianual | Bianual,Nacional | Estatal,Hombres; Mujeres; Menores de 18; Mayores de 65; Personas que hablan alguna lengua indígena; Personas con discapacidad,,https://drive.google.com/uc?export=download&id=0B-4W2dww7ELNY0pRakk1MDFfQkU,,,,,,,,,,,,https://docs.google.com/spreadsheets/d/15EwDUfgVSmXteq6aTw26ppTmriH8dvZaIN-d9BDJLx0/edit?usp=sharing,ALTO,
Reducir la desigualdad en y entre los países,Proporción de la población que vive debajo del 50% del ingreso medio ,SEDESOL,Bianual | Bianual,Nacional | Estatal,Hombres; Mujeres; Menores de 18; Mayores de 65; Personas que hablan alguna lengua indígena; Personas con discapacidad,,https://drive.google.com/uc?export=download&id=0B-4W2dww7ELNdzBYRmx5YnA4NEk,,,,,,,,,,,,https://docs.google.com/spreadsheets/d/1JRogam8Cfg90Kl_l_V59xyVp3H0iuC7IoHvxZPsaEz0/edit?usp=sharing,BAJO,
"Lograr que las ciudades y los asentamientos humanos sean inclusivos, seguros, resilientes y sostenibles",Tiempo estimado de viaje por desplazamiento utilizando cualquier forma de transporte,SEDATU,Quinquenal | Quinquenal; por Horarios,Nacional; Urbano; Rural,Grupo de edad (decenios y otras categorías) | Por jornada laboral,,https://drive.google.com/uc?export=download&id=0B8H92S-nvsXebU9pSkdDbGtaZ0k,,http://busca.datos.gob.mx/#/conjuntos/ods-sedatu,,,,,,1,1,,,https://docs.google.com/spreadsheets/d/1331l9mhHiqRCT5T7pnlsXTeTrKSH6-arKnAEReLb-pk/edit?usp=sharing,BAJO,