"Nombre_del_objetivo","Nombre_del_indicador","Dependencia","Periodicidad","Cobertura","Desagregacion","URL_metadato","URL_indicador","URL_fuente","URL_a_datos_gob_mx","Informacion_externa_BD","URL_metadatos","Nombre","Descripcion","Desagregacion_geografica","Desagregacion_temporal","Unidad_de_medida","Observaciones_de_la_dependencia","Observaciones_Escuadron","Metadatos_limpios","Desempeno_deseable_del_indicador__ALTO_o_BAJO","X_1","Clave","Descripcion_del_indicador","Dependencia2","DesagregagionGeo2","DesagregacionTemporal2","RangoTiempo"
"Garantizar una vida sana y promover el bienestar para todos en todas las edades","Demanda insatisfecha de métodos anticonceptivos modernos (porcentaje)","CONAPO","Trienio","Nacional; Estatal","Mujeres en edad fértil (15 a 49 años)",NA,"http://www.conapo.gob.mx/work/models/CONAPO/salud_reproductiva/ODS/CSV/baseNIA.csv",NA,"http://busca.datos.gob.mx/#/conjuntos/indicadores-de-fecundidad-y-salud-reproductiva-ods",NA,"",NA,NA,NA,NA,NA,NA,"","https://docs.google.com/spreadsheets/d/16rXS_VGUXUQtUpljnHE5lN9JIFv_Dc4XuI-BMYmh1-o/edit?usp=sharing","BAJO","","i6",NA,NA,NA,NA,NA
"Garantizar una vida sana y promover el bienestar para todos en todas las edades","Prevalencia de uso de métodos anticonceptivos modernos","CONAPO","Trienio","Nacional; Estatal","",NA,"http://www.conapo.gob.mx/work/models/CONAPO/salud_reproductiva/ODS/CSV/basePAMEFU.csv",NA,"http://busca.datos.gob.mx/#/conjuntos/indicadores-de-fecundidad-y-salud-reproductiva-ods",NA,"",NA,NA,NA,NA,NA,NA,"","https://docs.google.com/spreadsheets/d/1Z-oZNdPIP8clvtOR1SosyXA0K9ed_1NTYWhOSMbBqfY/edit?usp=sharing","ALTO","","i7","Se refiere al porcentaje de mujeres en edad fértil unidas que declaran ser usuarias de métodos anticonceptivos al momento del levantamiento de la encuesta.","CONAPO","Nacional y por Entidad Federativa","Anual","1992, 1997, 2006, 2009, 2014"
"Poner fin a la pobreza en todas sus formas en todo el mundo","Proporción de la población con ingresos inferiores a 1.25 dólares diarios","CONEVAL","Bianual","Estatal","",NA,"http://www.coneval.gob.mx/Informes/Pobreza/Datos_abiertos/ODS/Poblacion_menos_1_25_dolar.csv",NA,"http://busca.datos.gob.mx/#/conjuntos/porcentaje-de-la-poblacion-con-ingreso-menor-a-1-25-dolares",NA,"https://drive.google.com/uc?export=download&id=0B-4W2dww7ELNcHdCSEdkaFZPM1E",NA,NA,NA,NA,NA,NA,"","https://docs.google.com/spreadsheets/d/1hxowoL2k1Drjkd5zVpD7LOEqGv_tCB0SF3yuHD4r_1c/edit?usp=sharing","BAJO","","i9",NA,NA,NA,NA,NA
"Poner fin al hambre, lograr la seguridad alimentaria y la mejora de la nutrición y promover la agricultura sostenible","Proporción de la población con inseguridad alimentaria severa y moderada","CONEVAL","Bianual","Nacional; Estatal","",NA,"http://www.coneval.gob.mx/Informes/Pobreza/Datos_abiertos/ODS/Poblacion_inseguridad_alimentaria.csv",NA,"http://busca.datos.gob.mx/#/conjuntos/porcentaje-numero-de-personas-y-carencias-promedio-por-indicador-de-inseguridad-alime-2010-2012",NA,"https://drive.google.com/uc?export=download&id=0B-4W2dww7ELNTHpNclZwdUlDbmc",NA,NA,NA,NA,NA,NA,"","https://docs.google.com/spreadsheets/d/1S-g46v8Qegz_SVErpBqmlOdhIBfvsFjOMetkZank25I/edit?usp=sharing","BAJO","","i12",NA,NA,NA,NA,NA
"Garantizar una educación inclusiva, equitativa y de calidad y promover oportunidades de aprendizaje durante toda la vida para todos","Proporción de la población con rezago educativo","CONEVAL","Bianual","Nacional: Estatal","",NA,"http://www.coneval.gob.mx/Informes/Pobreza/Datos_abiertos/ODS/Rezago_educativo.csv",NA,"http://busca.datos.gob.mx/#/conjuntos/porcentaje-numero-de-personas-y-carencias-promedio-por-indicador-de-rezago-educativo--2010-2012",NA,"https://drive.google.com/uc?export=download&id=0B-4W2dww7ELNZllWZ1Rna0RuLTQ",NA,NA,NA,NA,NA,NA,"","https://docs.google.com/spreadsheets/d/1aZTe7PoIsWSHWJBNJeKiSTMgYJjXN1WbleQv2wq1REQ/edit?usp=sharing","BAJO","","i13","Es el porcentaje de la población con rezago educativo.","CONEVAL","Nacional, estatal, municipal, grupos de población (rural, urbano, sexo, jóvenes--14-24 y 25-29--,menores de 18 años, adultos mayores, indígenas y discapacitados).","Nacional y entidad federativa: Bienal. Municipios: Quinquenal","2010 al 2014"
"Reducir la desigualdad en y entre los países","Índice de Gini del ingreso (antes y después de transferencias)","CONEVAL","Bianual","Nacional: Estatal","",NA,"http://www.coneval.gob.mx/Informes/Pobreza/Datos_abiertos/ODS/Indice_Gini_ingreso.csv",NA,"http://busca.datos.gob.mx/#/conjuntos/valor-del-coeficiente-de-desigualdad-gini-nacional-y-por-entidad-federativa-2010-2012",NA,"https://drive.google.com/uc?export=download&id=0B-4W2dww7ELNNlBINlFLZkdCMVE",NA,NA,NA,NA,NA,NA,"","https://docs.google.com/spreadsheets/d/1QXmos2kEFjW8_aiQ4z9obzOTV3JkZ8mDgz_4mnvlBxo/edit?usp=sharing","BAJO","","i14",NA,NA,NA,NA,NA
"Reducir la desigualdad en y entre los países","Coeficiente de la brecha de la pobreza (intensidad de la pobreza)","CONEVAL","Bianual","Nacional; Estatal","",NA,"http://www.coneval.gob.mx/Informes/Pobreza/Datos_abiertos/ODS/Brecha_intensidad_pobreza.csv",NA,"http://busca.datos.gob.mx/#/conjuntos/medida-de-intensidad-de-la-pobreza-nacional-y-por-entidad-federativa-2010-2012",NA,"https://drive.google.com/uc?export=download&id=0B-4W2dww7ELNcjZyQnlIdk1kWVE",NA,NA,NA,NA,NA,NA,"","https://docs.google.com/spreadsheets/d/1m6BW8jpnhQr2x646hf1EoqKHlCSuv_gwpDRdeRp4rSY/edit?usp=sharing","BAJO","","i15",NA,NA,NA,NA,NA
"Reducir la desigualdad en y entre los países","Profundidad de la pobreza ","CONEVAL","Bianual","Nacional; Estatal","",NA,"http://www.coneval.gob.mx/Informes/Pobreza/Datos_abiertos/ODS/Profundidad_pobreza.csv",NA,"http://busca.datos.gob.mx/#/conjuntos/medida-de-profundidad-de-la-pobreza-nacional-y-por-entidad-federativa-2010-2012",NA,"https://drive.google.com/uc?export=download&id=0B-4W2dww7ELNYTN0N3pieTQ2X28",NA,NA,NA,NA,NA,NA,"","https://docs.google.com/spreadsheets/d/1IIcKwSkUWsGrek7xkkDFz10TAyvNxO3x6rpIr03_QOI/edit?usp=sharing","BAJO","","i16",NA,NA,NA,NA,NA
"Construir infraestructura resiliente, promover la industrialización inclusiva y sostenible y fomentar la innovación","Número de suscriptores a teléfonos celulares móviles por cada 100 habitantes","IFT","Anual","Nacional","",NA,"http://www.ift.org.mx/sites/default/files/contenidogeneral/estadisticas/suscripcionesamovilpor100h_2.csv",NA,"http://busca.datos.gob.mx/#/conjuntos/suscripciones-de-banda-ancha",NA,"https://drive.google.com/file/d/0B-4W2dww7ELNODBCb1Rzb2FIemc/view?usp=sharing",NA,NA,NA,NA,NA,NA,"","https://docs.google.com/spreadsheets/d/1MVZT_X2N0nXOTMs4ll-drGTL6fz6qhSGkypuBwVdQF0/edit?usp=sharing","ALTO","","i17",NA,NA,NA,NA,NA
"Construir infraestructura resiliente, promover la industrialización inclusiva y sostenible y fomentar la innovación","Número de suscriptores a internet de banda ancha fija por cada 100 habitantes","IFT","Anual","Nacional","",NA,"http://www.ift.org.mx/sites/default/files/contenidogeneral/estadisticas/bafijaporcada100habitantes_2.csv",NA,"http://busca.datos.gob.mx/#/conjuntos/suscripciones-de-banda-ancha",NA,"https://drive.google.com/file/d/0B-4W2dww7ELNODBCb1Rzb2FIemc/view?usp=sharing",NA,NA,NA,NA,NA,NA,"","https://docs.google.com/spreadsheets/d/1y3n-1sh4hJqvyY5uaXXDFh52vw_--D7WPTj9OFnDTjc/edit?usp=sharing","ALTO","","i18",NA,NA,NA,NA,NA
"Construir infraestructura resiliente, promover la industrialización inclusiva y sostenible y fomentar la innovación","Porcentaje de viviendas que cuenta con internet de banda ancha","IFT","Anual","Nacional","",NA,"http://www.ift.org.mx/sites/default/files/contenidogeneral/estadisticas/porcentajedebafijaporhogar_3.csv",NA,"http://busca.datos.gob.mx/#/conjuntos/suscripciones-de-banda-ancha",NA,"https://drive.google.com/file/d/0B-4W2dww7ELNODBCb1Rzb2FIemc/view?usp=sharing",NA,NA,NA,NA,NA,NA,"","https://docs.google.com/spreadsheets/d/1zmhUAxfeHqG_oQ9LMyFGpgrmbF0BT1R4mAlEzzj7O0A/edit?usp=sharing","ALTO","","i19",NA,NA,NA,NA,NA
"Lograr la igualdad entre los géneros y el empoderamiento de todas las mujeres y niñas","Proporción de escaños del parlamento nacional y estatal ocupados por mujeres","INMUJERES","Anual","Nacional; Estatal","",NA,"http://datos.inmujeres.gob.mx/archivo.php?f=f4249&t=csv",NA,"http://busca.datos.gob.mx/#/conjuntos/indicadores-ods",NA,"https://drive.google.com/file/d/0B-4W2dww7ELNUXVicHFSSXUycWs/view?usp=sharing",NA,NA,NA,1,NA,NA,"","https://docs.google.com/spreadsheets/d/1ZjCCXX51DmK8OJlzQSuMAzXUNFwAoPYV7f8L4igh0uA/edit?usp=sharing","ALTO","","i45","Porcentaje de mujeres que ocupan un escaño parlamentario en los congresos locales","INMUJERES","Nacional; Estatal","Anual","2010 al 2014"
"Lograr la igualdad entre los géneros y el empoderamiento de todas las mujeres y niñas","Diputadas","INMUJERES","Distintas","Nacional; Estatal","",NA,"http://datos.inmujeres.gob.mx/archivo.php?f=f424b&t=csv",NA,"http://busca.datos.gob.mx/#/conjuntos/indicadores-ods",NA,"https://drive.google.com/file/d/0B-4W2dww7ELNWWZRREJCRVpId3M/view?usp=sharing",NA,NA,NA,NA,NA,NA,"","https://docs.google.com/spreadsheets/d/1ptlqLRz6g4DzA11fOow_8b8FNctcpL03G8ZJkJYYDY0/edit?usp=sharing","ALTO","","i46",NA,NA,NA,NA,NA
"Lograr la igualdad entre los géneros y el empoderamiento de todas las mujeres y niñas","Senadoras","INMUJERES","Anual","Nacional","",NA,"http://datos.inmujeres.gob.mx/archivo.php?f=f424d&t=csv",NA,"http://busca.datos.gob.mx/#/conjuntos/indicadores-ods",NA,"https://drive.google.com/file/d/0B-4W2dww7ELNUmFEOFJyakRHMEk/view?usp=sharing",NA,NA,NA,NA,NA,NA,"","https://docs.google.com/spreadsheets/d/1Opnzh8iGGjFfrGYcSQmQ-5jwxyIBvwoyuzedqbghT1E/edit?usp=sharing","ALTO","","i47",NA,NA,NA,NA,NA
"Lograr la igualdad entre los géneros y el empoderamiento de todas las mujeres y niñas","Porcentaje de mujeres en puestos directivos de la administración pública","INMUJERES","Anual","Nacional","",NA,"http://datos.inmujeres.gob.mx/archivo.php?f=f4247&t=csv",NA,"http://busca.datos.gob.mx/#/conjuntos/indicadores-ods",NA,"https://drive.google.com/file/d/0B-4W2dww7ELNM0tGbUd4bU9iZHM/view?usp=sharing",NA,NA,NA,NA,NA,NA,"","https://docs.google.com/spreadsheets/d/1kkTn515aXbM4nGYSLHDvNEJJkG8IqVm3GN0G-D_GHdo/edit?usp=sharing","ALTO","","i48",NA,NA,NA,NA,NA
"Lograr la igualdad entre los géneros y el empoderamiento de todas las mujeres y niñas","Porcentaje de mujeres propietarias de la vivienda que habitan","INMUJERES","Bianual","Estatal","",NA,"http://datos.inmujeres.gob.mx/archivo.php?f=f424c&t=csv",NA,"http://busca.datos.gob.mx/#/conjuntos/indicadores-ods",NA,"https://drive.google.com/file/d/0B-4W2dww7ELNdmtEYlplV2t2Wms/view?usp=sharing",NA,NA,NA,NA,NA,NA,"","https://docs.google.com/spreadsheets/d/1iJPHg30EoBbQRAEIlEJjB5sCgHJScC961FFwXElly4E/edit?usp=sharing","ALTO","","i49","Es el porcentaje de las mujeres que son dueñas únicas o copropietarias de las viviendas donde residen por cada 100 mujeres","Inmujeres/INEGI","Nacional.","Bianual.","2006-2012"
"Lograr la igualdad entre los géneros y el empoderamiento de todas las mujeres y niñas","Población ocupada por quintil de ingresos laborales por sexo ","INMUJERES","Anual; distintos quintiles","Nacional; Estatal","",NA,"http://datos.inmujeres.gob.mx/archivo.php?f=f424a&t=csv",NA,"http://busca.datos.gob.mx/#/conjuntos/indicadores-ods",NA,"https://drive.google.com/file/d/0B-4W2dww7ELNZC1udWhvYWU5eEk/view?usp=sharing",NA,NA,NA,NA,NA,NA,"","https://docs.google.com/spreadsheets/d/1L18BEUNAlMjOqp7B0ykArAUDujDHOUJ8tpXssimMFqY/edit?usp=sharing","ALTO","","i50",NA,NA,NA,NA,NA
"Lograr la igualdad entre los géneros y el empoderamiento de todas las mujeres y niñas","Porcentaje de mujeres sin ingresos propios.","INMUJERES","Bianual","Nacional; Estatal","",NA,"http://datos.inmujeres.gob.mx/archivo.php?f=f4248&t=csv",NA,"http://busca.datos.gob.mx/#/conjuntos/indicadores-ods",NA,"https://drive.google.com/file/d/0B-4W2dww7ELNdVQyTFdkNGhZTlU/view?usp=sharing",NA,NA,NA,NA,NA,NA,"","https://docs.google.com/spreadsheets/d/1eypC_mD48LCKaQr4kft6e2n-as2OAVlj8A_RR2qoRo4/edit?usp=sharing","BAJO","","i51",NA,NA,NA,NA,NA
"Garantizar una vida sana y promover el bienestar para todos en todas las edades","Proporción de nacimientos asistidos por personal sanitario calificado","SALUD","Anual","Nacional; Estatal","",NA,"http://www.dgis.salud.gob.mx/descargas/datosabiertos/Proporcion_Nacidos_Vivos_con_Asistencia_de_Personal_Sanitario_Capacitado_Serie_Historica.csv",NA,"http://busca.datos.gob.mx/#/conjuntos/indicadores-ods",NA,"https://drive.google.com/file/d/0B-4W2dww7ELNbDQ4RzU3TXNEaUE/view?usp=sharing",NA,NA,NA,NA,NA,NA,"","https://docs.google.com/spreadsheets/d/19F73sOPNuk7VoBw1-1hed4YZ3-7KDU77qDcfQ2yAcus/edit?usp=sharing","ALTO","","i60",NA,NA,NA,NA,NA
"Garantizar una vida sana y promover el bienestar para todos en todas las edades","Porcentaje de partos por cesárea respecto al total de partos","SALUD","Anual","Nacional; Estatal","",NA,"http://www.dgis.salud.gob.mx/descargas/datosabiertos/Porcentaje_Nacidos_Vivos_Cesarea_Serie_Historica.csv",NA,"http://busca.datos.gob.mx/#/conjuntos/indicadores-ods",NA,"https://drive.google.com/file/d/0B-4W2dww7ELNR1h3MUp6dXpqdVk/view?usp=sharing",NA,NA,NA,NA,NA,NA,"","https://docs.google.com/spreadsheets/d/1EEi5dWkWLXCMYciDT-Dznq6V2ZPDT7sd-A0qC-2_zlI/edit?usp=sharing","BAJO","","i61",NA,NA,NA,NA,NA
"Garantizar una vida sana y promover el bienestar para todos en todas las edades","Tasa de mortalidad en niños menores de 5 años","SALUD","Anual","Nacional; Estatal","",NA,"http://www.dgis.salud.gob.mx/descargas/datosabiertos/Tasa_Mortalidad_Menores_de_5_Serie_Historica.csv",NA,"http://busca.datos.gob.mx/#/conjuntos/indicadores-ods",NA,"https://drive.google.com/file/d/0B-4W2dww7ELNSDQ0WjhiLTUwYms/view?usp=sharing",NA,NA,NA,NA,NA,NA,"","https://docs.google.com/spreadsheets/d/1cx7bRzGSyuQHE2ChLObvxMuU8nlZEj8snqf0P1UiAkw/edit?usp=sharing","BAJO","","i62",NA,NA,NA,NA,NA
"Garantizar una vida sana y promover el bienestar para todos en todas las edades","Tasa de mortalidad neonatal por cada mil nacidos vivos","SALUD","Anual","Nacional; Estatal","",NA,"http://www.dgis.salud.gob.mx/descargas/datosabiertos/Tasa_Mortalidad_Neonatal_Serie_Historica.csv",NA,"http://busca.datos.gob.mx/#/conjuntos/indicadores-ods",NA,"https://drive.google.com/file/d/0B-4W2dww7ELNTlRfc3BWN3dhZU0/view?usp=sharing",NA,NA,NA,NA,NA,NA,"","https://docs.google.com/spreadsheets/d/1Po5qV5f39z-DMgZ_wWotZVxGVYDLH7XvA3X6IP319i4/edit?usp=sharing","BAJO","","i63",NA,NA,NA,NA,NA
"Garantizar una vida sana y promover el bienestar para todos en todas las edades","Porcentaje de nacimientos prematuros","SALUD","Anual","Nacional; Estatal","",NA,"http://www.dgis.salud.gob.mx/descargas/datosabiertos/Porcentaje_Nacidos_Prematuros_Serie_Historica.csv",NA,"http://busca.datos.gob.mx/#/conjuntos/indicadores-ods",NA,"https://drive.google.com/file/d/0B-4W2dww7ELNTTVqck40VVVqVjQ/view?usp=sharing",NA,NA,NA,NA,NA,NA,"","https://docs.google.com/spreadsheets/d/1ptgDCscMLcY7aXjmcumoH7Cmxaq2JnIS0oIzRHEOTbQ/edit?usp=sharing","BAJO","","i64",NA,NA,NA,NA,NA
"Garantizar una vida sana y promover el bienestar para todos en todas las edades","Porcentaje de cobertura de vacunación con esquema completo al año de edad","SALUD","Anual","Nacional; Estatal","",NA,"http://www.dgis.salud.gob.mx/descargas/datosabiertos/Porcentaje_de_Cobertura_Vacunacion_Serie_Historica.csv",NA,"http://busca.datos.gob.mx/#/conjuntos/indicadores-ods",NA,"https://drive.google.com/file/d/0B3OqCUmmMLMOLWk2TEZKbHZRaDQ/view?usp=sharing",NA,NA,NA,NA,NA,NA,"","https://docs.google.com/spreadsheets/d/1YF1e4RthlJEyw0CDaXR4J7NDcWFJBeBFfrCBnWp_zvs/edit?usp=sharing","ALTO","","i68",NA,NA,NA,NA,NA
"Garantizar una vida sana y promover el bienestar para todos en todas las edades","Tasa de incidencia asociada a la tuberculosis todas las formas (ODM)","SALUD","Anual","Nacional; Estatal","",NA,"http://www.dgis.salud.gob.mx/descargas/datosabiertos/Tasa_Mortalidad_por_Tuberculosis_Serie_Historica.csv",NA,"http://busca.datos.gob.mx/#/conjuntos/indicadores-ods",NA,"",NA,NA,NA,NA,NA,NA,"","https://docs.google.com/spreadsheets/d/1Sd5uXua8ecniZvrKAmRrZgu2Hjyvzlr4M2xrH_hwYFY/edit?usp=sharing","BAJO","","i70","Tasa de mortalidad por tuberculosis (todas las formas), defunciones por cada 100 mil habitantes.","Secretaría de Salud","Nacional y por Entidad Federativa","Anual","1990-2013"
"Garantizar una vida sana y promover el bienestar para todos en todas las edades","Tasa de incidencia asociada al paludismo","SALUD","Anual","Nacional; Estatal","",NA,"http://www.dgis.salud.gob.mx/descargas/datosabiertos/Tasa_Incidencia_Paludismo_Serie_Historica.csv",NA,"http://busca.datos.gob.mx/#/conjuntos/indicadores-ods",NA,"",NA,NA,NA,NA,NA,NA,"La liga no abre el archivo","https://docs.google.com/spreadsheets/d/1Y5aHUQ_9uSCoRm2FaHrdRMXG1jK-NsWGnzIQC54WchQ/edit?usp=sharing","BAJO","","i72","Es el número de casos confirmados de paludismo con prueba diagnóstica de gota gruesa positiva, en un determinado año respecto la población total para el mismo año, por cada 100,000 habitantes","Secretaría de Salud",NA,"Anual","1990-2014"
"Garantizar una vida sana y promover el bienestar para todos en todas las edades","Tasa de letalidad por dengue hemorrágico ","SALUD","Anual","Nacional; Estatal","",NA,"http://www.dgis.salud.gob.mx/descargas/datosabiertos/Tasa_Letalidad_Dengue_Serie_Historica.csv",NA,"http://busca.datos.gob.mx/#/conjuntos/indicadores-ods",NA,"",NA,NA,NA,NA,NA,NA,"","https://docs.google.com/spreadsheets/d/1shmrHOCLELQO07MeYFYiI0E4GjBz5tgc8JGiLaPKBQA/edit?usp=sharing","BAJO","","i73",NA,NA,NA,NA,NA
"Garantizar una vida sana y promover el bienestar para todos en todas las edades","Tasa de mortalidad por enfermedades cardiovasculares","SALUD","Anual","Nacional; Estatal","",NA,"http://www.dgis.salud.gob.mx/descargas/datosabiertos/Tasa_Mortalidad_Cardiovascular_Serie_Historica.csv",NA,"http://busca.datos.gob.mx/#/conjuntos/indicadores-ods",NA,"",NA,NA,NA,NA,NA,NA,"","https://docs.google.com/spreadsheets/d/1JwpjZmEOC_COtwn2tP2vzxEdv_UDIbZvRLmTmtZxPgA/edit?usp=sharing","BAJO","","i74","Numero de Defunciones por Enfermedades Cardiovasculares","Secretaría de Salud","Nacional y por Entidad Federativa","Anual","1990-2013"
"Garantizar una vida sana y promover el bienestar para todos en todas las edades","Tasa de mortalidad por neoplasias malignas","SALUD","Anual","Nacional; Estatal","",NA,"http://www.dgis.salud.gob.mx/descargas/datosabiertos/Tasa_Mortalidad_Neoplasias_Serie_Historica.csv",NA,"http://busca.datos.gob.mx/#/conjuntos/indicadores-ods",NA,"",NA,NA,NA,NA,NA,NA,"La liga no abre el archivo","","BAJO","","i75","Es el total de la población fallecida a causa de neoplasias malignas en un año determinado entre la población total para el mismo año, por cada 100,000 habitantes","Secratría de Salud","0.0","Anual","0.0"
"Garantizar una vida sana y promover el bienestar para todos en todas las edades","Tasa de mortalidad por cáncer de mama","SALUD","Anual","Nacional; Estatal","",NA,"http://www.dgis.salud.gob.mx/descargas/datosabiertos/Tasa_Mortalidad_Cancer_Mama_Serie_Historica.csv",NA,"http://busca.datos.gob.mx/#/conjuntos/indicadores-ods",NA,"",NA,NA,NA,NA,NA,NA,"","https://docs.google.com/spreadsheets/d/1vPsndoFDMlhX0-bCi-PuZsjnA-qSj_vrTCcslRwRdLg/edit?usp=sharing","BAJO","","i76","Tasa de Mortalidad por Cáncer de Mama","Secretaría de Salud","Entidad Federativa","Anual","1990-2013"
"Garantizar una vida sana y promover el bienestar para todos en todas las edades","Tasa de mortalidad por cáncer de próstata","SALUD","Anual","Nacional; Estatal","",NA,"http://www.dgis.salud.gob.mx/descargas/datosabiertos/Tasa_Mortalidad_Cancer_Prostata_Serie_Historica.csv",NA,"http://busca.datos.gob.mx/#/conjuntos/indicadores-ods",NA,"",NA,NA,NA,NA,NA,NA,"","https://docs.google.com/spreadsheets/d/1j5FD-hdCwDJzhdJ69jLZqEYIW7nctUhcLRIQYulH-7c/edit?usp=sharing","BAJO","","i77","Tasa de mortalidad por cáncer de próstata","Secretaría de Salud","Entidad Federativa","Anual","1990-2013"
"Garantizar una vida sana y promover el bienestar para todos en todas las edades","Tasa de mortalidad por diabetes","SALUD","Anual","Nacional; Estatal","",NA,"http://www.dgis.salud.gob.mx/descargas/datosabiertos/Tasa_Mortalidad_Diabetes_Tipo_II_Serie_Historica.csv",NA,"http://busca.datos.gob.mx/#/conjuntos/indicadores-ods",NA,"",NA,NA,NA,NA,NA,NA,"","https://docs.google.com/spreadsheets/d/1zRl7liO3JImh6MbwOzrZPwqOykD1o3rHd6H8aMaeLjk/edit?usp=sharing","BAJO","","i78","Tasa de Mortalidad por Diabetes Tipo II","Secretaría de Salud","Entidad Federativa","Anual","1998-2013"
"Garantizar una vida sana y promover el bienestar para todos en todas las edades","Tasa de mortalidad por enfermedad pulmonar
obstructiva crónica (EPOC)","SALUD","Anual","Nacional; Estatal","",NA,"http://www.dgis.salud.gob.mx/descargas/datosabiertos/Tasa_Mortalidad_EPOC_Serie_Historica.csv",NA,"http://busca.datos.gob.mx/#/conjuntos/indicadores-ods",NA,"",NA,NA,NA,NA,NA,NA,"","https://docs.google.com/spreadsheets/d/1N6ECKHGNINmrWXKy4nExpO72LaMICJd262KVHlWKU3M/edit?usp=sharing","BAJO","","i79",NA,NA,NA,NA,NA
"Garantizar una vida sana y promover el bienestar para todos en todas las edades","Tasa de suicidio en niños y jóvenes","SALUD","Anual","Nacional; Estatal","",NA,"http://www.dgis.salud.gob.mx/descargas/datosabiertos/Tasa_Mortalidad_Suicidios_Jovenes_Serie_Historica.csv",NA,"http://busca.datos.gob.mx/#/conjuntos/indicadores-ods",NA,"",NA,NA,NA,NA,NA,NA,"","https://docs.google.com/spreadsheets/d/17mXWeToQ2QfRTMiPAwrOsTt9x19Z81H-98ZFdzBeGPY/edit?usp=sharing","BAJO","","i83","Tasa de Mortalidad por Suicidio en niños y jóvenes","Secretaría de Salud","Entidad Federativa","Anual","1990-2013"
"Garantizar una vida sana y promover el bienestar para todos en todas las edades","Tasa de mortalidad por accidentes de tráfico de vehículo de motor (ATVM)","SALUD","Anual","Nacional; Estatal","",NA,"http://www.dgis.salud.gob.mx/descargas/datosabiertos/Tasa_Mortalidad_ATVM_Serie_Historica.csv",NA,"http://busca.datos.gob.mx/#/conjuntos/indicadores-ods",NA,"",NA,NA,NA,NA,NA,NA,"","https://docs.google.com/spreadsheets/d/1RsmXUG9A1fWe7yavcP9Gq86WXnQBGtFW_z2vTUEwQmQ/edit?usp=sharing","BAJO","","i84","Tasa de Mortalidad por Accidente de Trafico de Vehiculo de Motor","Secretaría de Salud","Entidad Federativa","Anual","1990-2013"
"Garantizar una vida sana y promover el bienestar para todos en todas las edades","Cobertura estimada de servicios de salud","SALUD","Bianual","Nacional; Estatal","",NA,"http://www.dgis.salud.gob.mx/descargas/datosabiertos/Porcentaje_Poblacion_Carencia_SS_Serie_Historica.csv",NA,"http://busca.datos.gob.mx/#/conjuntos/indicadores-ods",NA,"",NA,NA,NA,NA,NA,NA,"","https://docs.google.com/spreadsheets/d/1jJAYlR_QXkwLvkQDyUSZaUuabVTIuPjZAFtu8xwCzuQ/edit?usp=sharing","ALTO","","i86","Porcentaje de carencia por acceso a los servicios de salud","Secretaría de Salud","Entidad Federativa","Bianual","2008-2012"
"Garantizar una vida sana y promover el bienestar para todos en todas las edades","Porcentaje de hogares del primer quintil de ingreso con gasto catastrófico en salud","SALUD","Anual, Bianual; Distinta periodicidad","","Quintiles",NA,"http://www.dgis.salud.gob.mx/descargas/datosabiertos/Porcentaje_de_Hogares_con_Gasto_Catastrofico_Serie_Historica.csv",NA,"http://busca.datos.gob.mx/#/conjuntos/indicadores-ods",NA,"",NA,NA,NA,NA,NA,NA,"","https://docs.google.com/spreadsheets/d/1jcGHZIQPzXILSuc4uIaKYyHegudE2l-MKhp22WOcSf0/edit?usp=sharing","BAJO","","i88","Porcentaje de hogares del primer quintil de ingreso con gasto catastrófico en salud","Secretaría de Salud","Entidad Federativa","Bianual","2002, 2004, 2005, 2006, 2008, 2010, 2012"
"Lograr que las ciudades y los asentamientos humanos sean inclusivos, seguros, resilientes y sostenibles","Proporción de la población urbana que habita en viviendas precarias","SEDATU","Bianual","Nacional; Estatal","",NA,"https://drive.google.com/uc?export=download&id=0B8H92S-nvsXeb0MtXzZNSkV4bGc",NA,"http://busca.datos.gob.mx/#/conjuntos/ods-sedatu",NA,"",NA,NA,NA,NA,NA,NA,"","https://docs.google.com/spreadsheets/d/1xNYi6Bjy3gYghm1iNjdmE2PenrVSXyn_eR36L61VVuU/edit?usp=sharing","BAJO","","i89","Proporción de la población urbana que habita en viviendas precarias con base en la ENIGH","Secretaría de Salud","Entidad Federativa","Bianual","2010, 2012, 2014"
"Lograr que las ciudades y los asentamientos humanos sean inclusivos, seguros, resilientes y sostenibles","Rezago habitacional por condiciones de espacio, materiales e instalaciones de la vivienda","SEDATU","Anual","Nacional; Estatal","",NA,"https://drive.google.com/uc?export=download&id=0B8H92S-nvsXedU5qQWpGYXB6WG8",NA,"http://busca.datos.gob.mx/#/conjuntos/ods-sedatu",NA,"https://drive.google.com/file/d/0B-4W2dww7ELNd1hTMEJ0TWJ3b00/view?usp=sharing",NA,NA,NA,NA,NA,NA,"","https://docs.google.com/spreadsheets/d/1vDgqxGscpTi08n4d-_MU7OX-HiHST3hcLe8pJdvtdSs/edit?usp=sharing","BAJO","","i90",NA,NA,NA,NA,NA
"Lograr que las ciudades y los asentamientos humanos sean inclusivos, seguros, resilientes y sostenibles","Porcentaje de viviendas con acceso a paradas de transporte público a 500 m de distancia en ciudades mayores a 500,000 habitantes","SEDATU","Anual","Estatal","",NA,"https://drive.google.com/uc?export=download&id=0B8H92S-nvsXeZnVIWGxDUl9yT2c",NA,"http://busca.datos.gob.mx/#/conjuntos/ods-sedatu",NA,"",NA,NA,NA,1,1,NA,"","https://docs.google.com/spreadsheets/d/1hFaG8kf2ksvFIHWccmHE6No77JBx8EPxULNJe5JqPSo/edit?usp=sharing","ALTO","","i91","Porcentaje de población con acceso a estaciones de transporte masivo en las zonas metropolitanas","Secretaría de Salud","Zonas Metropolitanas",NA,NA
"Lograr que las ciudades y los asentamientos humanos sean inclusivos, seguros, resilientes y sostenibles","Kilómetros de transporte público masivo (BRT, tren ligero, metro) por persona en ciudades","SEDATU","Anual","Estatal","",NA,"https://drive.google.com/uc?export=download&id=0B8H92S-nvsXedVRuVGJmbHRFVUU",NA,"http://busca.datos.gob.mx/#/conjuntos/ods-sedatu",NA,"",NA,NA,NA,1,1,NA,"","https://docs.google.com/spreadsheets/d/1WYbaHjjbDJEXc1s5YU1TvT5fZSdL1doMXjIWKHOEjSM/edit?usp=sharing","ALTO","","i92","Kilómetros de transporte público masivo por cada 100,000 habitantes","SEDATU","Zonas Metropolitanas",NA,NA
"Lograr que las ciudades y los asentamientos humanos sean inclusivos, seguros, resilientes y sostenibles","Tiempo estimado de viaje por desplazamiento utilizando cualquier forma de transporte","SEDATU","Quinquenal | Quinquenal; por Horarios","Nacional; Urbano; Rural","Grupo de edad (decenios y otras categorías) | Por jornada laboral",NA,"https://drive.google.com/uc?export=download&id=0B8H92S-nvsXeUG1HY3FQVTNYU1k",NA,"http://busca.datos.gob.mx/#/conjuntos/ods-sedatu",NA,"",NA,NA,NA,1,1,NA,"","https://docs.google.com/spreadsheets/d/1331l9mhHiqRCT5T7pnlsXTeTrKSH6-arKnAEReLb-pk/edit?usp=sharing","BAJO","","i94","Tiempo estimado de viaje por desplazamiento utilizando cualquier forma de transporte","SEDATU","Nacional, Urbnao y Rural",NA,"2009 y 2014"
"Lograr que las ciudades y los asentamientos humanos sean inclusivos, seguros, resilientes y sostenibles","Densidad de población (bruta)","SEDATU","Quinquenal","Estatal","",NA,"https://drive.google.com/uc?export=download&id=0B8H92S-nvsXeSV92SUpmQktUOUE",NA,"http://busca.datos.gob.mx/#/conjuntos/ods-sedatu",NA,"https://drive.google.com/file/d/0B-4W2dww7ELNamhPYS1jUlMzdXM/view?usp=sharing",NA,NA,NA,NA,NA,NA,"","https://docs.google.com/spreadsheets/d/1WyBToxq99rwu2dya0lQk8u20RSnBjhxm7FmC1OnscTc/edit?usp=sharing","ALTO","X","i95",NA,NA,NA,NA,NA
"Lograr que las ciudades y los asentamientos humanos sean inclusivos, seguros, resilientes y sostenibles","Razón de crecimiento de la mancha urbana respecto al crecimiento de su población (expansión de las ciudades)","SEDATU","Quinquenal; Distintas periodicidad","Nacional","",NA,"https://drive.google.com/uc?export=download&id=0B8H92S-nvsXecXVheThvRmhFT00",NA,"http://busca.datos.gob.mx/#/conjuntos/ods-sedatu",NA,"https://drive.google.com/file/d/0B-4W2dww7ELNLWNSYXFVUTlzYkE/view?usp=sharing",NA,NA,NA,NA,NA,NA,"","https://docs.google.com/spreadsheets/d/1c-MwQY0XzNrlCVZIRVRnejEXr99w-Wcqu-h7NHvAM3U/edit?usp=sharing","BAJO","","i96",NA,NA,NA,NA,NA
"Lograr que las ciudades y los asentamientos humanos sean inclusivos, seguros, resilientes y sostenibles","Residuos sólidos urbanos manejados adecuadamente*
(Proporción de los residuos recolectados por la ciudad y dispuestos adecuadamente en rellenos sanitarios, incineradores o en instalaciones de reciclaje. Expresado en términos del volumen total de residuos generados en la ciudad.)","SEDATU","Anual","Estatal","",NA,"https://drive.google.com/uc?export=download&id=0B8H92S-nvsXeVVFvMnlOZUwxWGs",NA,"http://busca.datos.gob.mx/#/conjuntos/ods-sedatu",NA,"https://drive.google.com/file/d/0B-4W2dww7ELNT2t5SExsVkVLY0E/view?usp=sharing",NA,NA,NA,NA,NA,NA,"","https://docs.google.com/spreadsheets/d/1xvKUoEU0duswjcN0BID8roZnrMmj45Yxi_cExSMz5pU/edit?usp=sharing","ALTO","","i97",NA,NA,NA,NA,NA
"Lograr que las ciudades y los asentamientos humanos sean inclusivos, seguros, resilientes y sostenibles","Accesibilidad al Espacio Público Abierto (porcentaje del área urbana que está localizada a menos de 300 metros de un espacio público abierto.)","SEDATU","Anual","Estatal","",NA,"https://drive.google.com/uc?export=download&id=0B8H92S-nvsXeWjN0UHZpTzlSZFU",NA,"http://busca.datos.gob.mx/#/conjuntos/ods-sedatu",NA,"https://drive.google.com/file/d/0B-4W2dww7ELNZzZDUUxUeUFlMGc/view?usp=sharing",NA,NA,NA,NA,NA,NA,"","https://docs.google.com/spreadsheets/d/1EUnOMeAo02IODB5gXtql3UshCtJ2N7fAU6e8_9iT9f4/edit?usp=sharing","ALTO","","i98",NA,NA,NA,NA,NA
"Poner fin a la pobreza en todas sus formas en todo el mundo","Proporción de la población con acceso a la seguridad social","SEDESOL","Bianual | Bianual","Nacional | Estatal","Hombres; Mujeres; Menores de 18; Mayores de 65; Personas que hablan alguna lengua indígena; Personas con discapacidad; Madres jefas de familia",NA,"https://drive.google.com/uc?export=download&id=0B-4W2dww7ELNOWRTVWtDNzY1cWc",NA,"http://busca.datos.gob.mx/#/conjuntos/indicadores-de-inclusion-social",NA,"",NA,NA,NA,NA,NA,NA,"","https://docs.google.com/spreadsheets/d/1Q_Y0McPElId8mDTIu85tlF14QUuTKdRcvAoV6lb8BQU/edit?usp=sharing","ALTO","","i99","La seguridad social es el conjunto de mecanismos diseñados para garantizar los medios de subsistencia de los individuos y sus familias ante eventualidades, como accidentes o enfermedades, o ante circunstancias socialmente reconocidas, como la vejez y el embarazo. ","SEDESOL","Nacional","Bianual","2008-2014"
"Poner fin a la pobreza en todas sus formas en todo el mundo","Proporción de la población con acceso a la seguridad social","SEDESOL","Bianual | Bianual","Nacional | Estatal","Hombres; Mujeres; Menores de 18; Mayores de 65; Personas que hablan alguna lengua indígena; Personas con discapacidad; Madres jefas de familia",NA,"https://drive.google.com/uc?export=download&id=0B-4W2dww7ELNOWRTVWtDNzY1cWc",NA,"http://busca.datos.gob.mx/#/conjuntos/indicadores-de-inclusion-social",NA,"",NA,NA,NA,NA,NA,NA,"","https://docs.google.com/spreadsheets/d/1Q_Y0McPElId8mDTIu85tlF14QUuTKdRcvAoV6lb8BQU/edit?usp=sharing","ALTO","","i99","La seguridad es el conjunto de mecanismos diseñados para garantizar los medios de subsistencia de los individuos y sus familias ante eventualidades, como accidentes o enfermedades, o ante circunstancias socialmente reconocidas, como la vejez y el embarazo. Dicha definición es tomada de la Metodología para la Medición Multidimensional de la pobreza y puede ser descargada de: http://www.coneval.gob.mx/rw/resource/Metodologia_Medicion_Multidimensional-pdf","SEDESOL","Nacional","Bianual","2008-2012"
"Poner fin a la pobreza en todas sus formas en todo el mundo","Proporción de la población en pobreza con acceso a la seguridad social","SEDESOL","Bianual | Bianual","Nacional | Estatal","Hombres; Mujeres; Menores de 18; Mayores de 65; Personas que hablan alguna lengua indígena; Personas con discapacidad; Madres jefas de familia",NA,"https://drive.google.com/uc?export=download&id=0B-4W2dww7ELNY05aVDV6OUJLX2c",NA,"http://busca.datos.gob.mx/#/conjuntos/indicadores-de-inclusion-social",NA,"",NA,NA,NA,NA,NA,NA,"","https://docs.google.com/spreadsheets/d/1wQKj1E2jKCv_Gugm9yfRRbdMJZecccYSOnAJEBojC1E/edit?usp=sharing","ALTO","","i100","La seguiridad social es el conjunto de mecanismos diseñados para organizar los medios de subsistencia de los individuos y sus familias ante eventualidades, como accidentes o enfermedades, o ante circunstancias socialmente reconocidads, como la vejez y el embarazo. La pobreza corresponde a la definición de CONEVAL en donde una persona es pobreza si no cuenta con un ingreso suficiente para adquirir una canasta de bienes y servicios (LB) y tiene por lo menos una carencia social. Dichas definiciones han sido tomadas de la Metodología para la Medición Multidimensional de la pobreza y puede ser descargada de: http://www.coneval.gob.mx/rw/resource/Metodologia_Medicion_Multidimensional.pdf","SEDESOL","Nacional","Bianual","2008-2012"
"Poner fin a la pobreza en todas sus formas en todo el mundo","Proporción de la población en pobreza con acceso a la seguridad social","SEDESOL","Bianual | Bianual","Nacional | Estatal","Hombres; Mujeres; Menores de 18; Mayores de 65; Personas que hablan alguna lengua indígena; Personas con discapacidad; Madres jefas de familia",NA,"https://drive.google.com/uc?export=download&id=0B-4W2dww7ELNY05aVDV6OUJLX2c",NA,"http://busca.datos.gob.mx/#/conjuntos/indicadores-de-inclusion-social",NA,"",NA,NA,NA,NA,NA,NA,"","https://docs.google.com/spreadsheets/d/1wQKj1E2jKCv_Gugm9yfRRbdMJZecccYSOnAJEBojC1E/edit?usp=sharing","ALTO","","i100","La seguridad social es el conjunto de mecanismos diseñados para garantizar los medios de subsistencia de los individuos y sus familias ante eventualidades, como accidentes o enfermedades, o ante circunstancias socialmente reconocidas, como la vejez y el embarazo. La pobreza corresponde a la definición de CONEVAL en dónde una persona está en situación de pobreza si no cuenta con un ingreso suficiente para adquirir una canasta de bienes y servcios y tiene por lo menos una carencia social.","SEDESOL","Entidad Federativa","Bianual","2008-2012"
"Poner fin a la pobreza en todas sus formas en todo el mundo","Proporción de adultos mayores que recibe una pensión (65 y más)","SEDESOL","Bianual | Bianual","Nacional | Estatal","Hombres; Mujeres; Personas que hablan alguna lengua indígena; Personas con discapacidad; Madres jefas de familia",NA,"https://drive.google.com/uc?export=download&id=0B-4W2dww7ELNSXRCcjFUU2FJVVE",NA,"http://busca.datos.gob.mx/#/conjuntos/indicadores-de-inclusion-social",NA,"",NA,NA,NA,NA,NA,NA,"","https://docs.google.com/spreadsheets/d/1JbskNwNCX97B8rX0mQzfRfYidLvs7NOCn05JpSrsPEE/edit?usp=sharing","ALTO","","i101","Porcentaje de la población de adultos mayores (65 años y más) que reciben una pensión a nivel nacional con base en los registros de Módulo de Condiciones Socioeconómicas de la Encuesta Nacional deIngresos y Gasto de los Hogares","SEDESOL","Entidad Federativa","Bianual","2008-2012"
"Poner fin a la pobreza en todas sus formas en todo el mundo","Proporción de adultos mayores que recibe una pensión (65 y más)","SEDESOL","Bianual | Bianual","Nacional | Estatal","Hombres; Mujeres; Personas que hablan alguna lengua indígena; Personas con discapacidad; Madres jefas de familia",NA,"https://drive.google.com/uc?export=download&id=0B-4W2dww7ELNSXRCcjFUU2FJVVE",NA,"http://busca.datos.gob.mx/#/conjuntos/indicadores-de-inclusion-social",NA,"",NA,NA,NA,NA,NA,NA,"","https://docs.google.com/spreadsheets/d/1JbskNwNCX97B8rX0mQzfRfYidLvs7NOCn05JpSrsPEE/edit?usp=sharing","ALTO","","i101","Porcentaje de la población de adultos mayores (65 años y más) que reciben a nivel nacional con base en los registros de Módulo de Condiciones Socioeconómicas de la Encuesta Nacional de Ingresos y Gastos de los Hogares. Las bases de datos del MCS-ENIGH pueden ser descargadas de la siguiente liga: http://www.inegi.org.mx/est/contenidos/proyectos/encuestas/hogares/modulos/mcs/default.aspx","SEDESOL","Nacional","Bianual","2008-2012"
"Poner fin a la pobreza en todas sus formas en todo el mundo","Proporción de hogares con niños que reciben beca educativa (Prospera)","SEDESOL","Bianual | Bianual","Nacional | Estatal","",NA,"https://drive.google.com/uc?export=download&id=0B-4W2dww7ELNZ1gtSnhNNW9tNFk",NA,"http://busca.datos.gob.mx/#/conjuntos/indicadores-de-inclusion-social",NA,"",NA,NA,NA,NA,NA,NA,"","https://docs.google.com/spreadsheets/d/1VwAWjBiGTcn7rkYovr3DVnIeEXcFSoLh6k8N8hm6nbg/edit?usp=sharing","ALTO","","i102","Porcentaje de los hogares con niños que reciben beca por parte del programa Prospera a nivel nacional, con base en los registros de Módulo de Condiciones Socioeconómicas de la Encuesta Nacional deIngresos y Gasto de los Hogares.","SEDESOL","Entidad Federativa","Bianual","2008-2012"
"Poner fin a la pobreza en todas sus formas en todo el mundo","Proporción de hogares con niños que reciben beca educativa (Prospera)","SEDESOL","Bianual | Bianual","Nacional | Estatal","",NA,"https://drive.google.com/uc?export=download&id=0B-4W2dww7ELNZ1gtSnhNNW9tNFk",NA,"http://busca.datos.gob.mx/#/conjuntos/indicadores-de-inclusion-social",NA,"",NA,NA,NA,NA,NA,NA,"","https://docs.google.com/spreadsheets/d/1VwAWjBiGTcn7rkYovr3DVnIeEXcFSoLh6k8N8hm6nbg/edit?usp=sharing","ALTO","","i102","Porcentaje de hogares con niños que reciben beca por parte del programa Prospera a nivel nacional con base en los registros de Módulo de Condiciones Socioeconómicas de la Encuesta Nacional de Ingresos y Gastos de los Hogares (MCS-ENIGH). Las bases de datos del MCS-ENIGH pueden ser descargadas de la siguiente liga: http://www.inegi.org.mx/est/contenidos/proyectos/encuestas/hogares/modulos/mcs/default.aspx","SEDESOL","Nacional","Bianual","2008-2012"
"Poner fin a la pobreza en todas sus formas en todo el mundo","Proporción de pobres y/o vulnerables que reciben subsidios (Prospera, et al.)","SEDESOL","Bianual | Bianual","Nacional | Estatal","Hombres; Mujeres; Personas que hablan alguna lengua indígena; Personas con discapacidad; Madres jefas de familia",NA,"https://drive.google.com/uc?export=download&id=0B-4W2dww7ELNdUVjLWMxcGozbGM",NA,"http://busca.datos.gob.mx/#/conjuntos/indicadores-de-inclusion-social",NA,"",NA,NA,NA,NA,NA,NA,"","https://docs.google.com/spreadsheets/d/1Kwnk0Jxip8nOsqd4bgn11gbw0sJFEUbPpbW_BpA0IEQ/edit?usp=sharing","ALTO","","i103","Porcentaje de la población en situación de pobreza que recibe subsidios de algún programa social a nivel nacional.","SEDESOL","Entidad Federativa","Bianual","2008-2012"
"Poner fin a la pobreza en todas sus formas en todo el mundo","Proporción de la población/hogares con acceso a los servicios básicos en la vivienda","SEDESOL","Bianual | Bianual","Nacional | Estatal","Hombres; Mujeres; Menores de 18; Mayores de 65; Personas que hablan alguna lengua indígena; Personas con discapacidad; Madres jefas de familia",NA,"https://drive.google.com/uc?export=download&id=0B-4W2dww7ELNQTFfN2FVS3JGek0",NA,"http://busca.datos.gob.mx/#/conjuntos/indicadores-de-inclusion-social",NA,"",NA,NA,NA,NA,NA,NA,"","https://docs.google.com/spreadsheets/d/1MfzoothF1aN1V2bvxgXNp3TjWiDSDWRA_QjtRPAHHuo/edit?usp=sharing","ALTO","","i104","Porcentaje de hogares que tienen acceso a los servicios básicos en la vivienda a nivel nacional. La definición de servicios básicos en la vivienda es tomada de la Metodología para la Medición Multidimensional de la pobreza (CONEVAL)","SEDESOL","Entidad Federativa","Bianual","2008-2012"
"Poner fin a la pobreza en todas sus formas en todo el mundo","Proporción de la población/hogares con acceso a los servicios básicos en la vivienda","SEDESOL","Bianual | Bianual","Nacional | Estatal","Hombres; Mujeres; Menores de 18; Mayores de 65; Personas que hablan alguna lengua indígena; Personas con discapacidad; Madres jefas de familia",NA,"https://drive.google.com/uc?export=download&id=0B-4W2dww7ELNQTFfN2FVS3JGek0",NA,"http://busca.datos.gob.mx/#/conjuntos/indicadores-de-inclusion-social",NA,"",NA,NA,NA,NA,NA,NA,"","https://docs.google.com/spreadsheets/d/1MfzoothF1aN1V2bvxgXNp3TjWiDSDWRA_QjtRPAHHuo/edit?usp=sharing","ALTO","","i104","Porcentaje de hogares que tienen acceso a los servicios básicos en la vivienda a nivel nacional. La definición de servicios básicos en la vivienda es tomada de la Metodología para la Medición Multidimensional de la pobreza y puede ser descargada de http://www.coneval.gob.mx/rw/resource/Metodologia_medicion_Multidimensional.pdf","SEDESOL","Nacional","Bianual","2008-2012"
"Promover el crecimiento económico sostenido, inclusivo y sostenible, el empleo pleno y productivo y el trabajo decente para todos","Brechas de ingresos por trabajo","SEDESOL","Bianual | Bianual","Nacional | Estatal","Hombres; Mujeres; Personas que hablan alguna lengua indígena; Personas con discapacidad; Madres jefas de familia",NA,"https://drive.google.com/uc?export=download&id=0B-4W2dww7ELNS0U4WU5ZdVFMLU0",NA,"http://busca.datos.gob.mx/#/conjuntos/indicadores-de-inclusion-social",NA,"",NA,NA,NA,NA,NA,NA,"","https://docs.google.com/spreadsheets/d/1goacOFwhjBpv3woHIlxrxSr16heqwBEm0CpsbvinyFc/edit?usp=sharing","BAJO","","i105","La diferencia entre los ingresos laborales promedio entre los hombres y las mujeres ","SEDESOL","Entidad Federativa","Bianual","2008-2012"
"Reducir la desigualdad en y entre los países","Índice de Palma (Razón de ingreso entre el 10% más rico y el 40% más pobre) ","SEDESOL","Bianual | Bianual","Nacional | Estatal","Hombres; Mujeres; Menores de 18; Mayores de 65; Personas que hablan alguna lengua indígena; Personas con discapacidad",NA,"https://drive.google.com/uc?export=download&id=0B-4W2dww7ELNYjdWUk9DUnNFMGs",NA,"http://busca.datos.gob.mx/#/conjuntos/indicadores-de-inclusion-social",NA,"",NA,NA,NA,NA,NA,NA,"","https://docs.google.com/spreadsheets/d/1wbytLCW0GSIN8UH_WfmKH0uVDExM-1l3I_kQ8OxM9UI/edit?usp=sharing","ALTO","","i106","Comparación del ingreso del 10% más rico de la población y el 40% más pobre a nivel nacional.","SEDESOL","Entidad Federativa","Bianual","2008-2012"
"Reducir la desigualdad en y entre los países","Proporción de la población que vive debajo del 50% del ingreso medio ","SEDESOL","Bianual | Bianual","Nacional | Estatal","Hombres; Mujeres; Menores de 18; Mayores de 65; Personas que hablan alguna lengua indígena; Personas con discapacidad",NA,"https://drive.google.com/uc?export=download&id=0B-4W2dww7ELNTE9hbUJMMGh3Mzg",NA,"http://busca.datos.gob.mx/#/conjuntos/indicadores-de-inclusion-social",NA,"",NA,NA,NA,NA,NA,NA,"","https://docs.google.com/spreadsheets/d/199OCbnwGPY44RlWUS7JD6QwYw5SpwkIllEtGkO2iDlI/edit?usp=sharing","BAJO","","i107","Porcentaje de la población que vive debajo del 50% del ingreso medio a nivel nacional.","SEDESOL","Entidad Federativa","Bianual","2008-2012"
"Garantizar la disponibilidad de agua y su ordenación sostenible y el saneamiento para todos","Porcentaje de aguas residuales tratadas ","SEMARNAT","Anual","Estatal","",NA,"http://dsiappsdev.semarnat.gob.mx/datos/Tratamiento_X_ent_federativa.csv",NA,"http://busca.datos.gob.mx/#/conjuntos/agua-residual-que-recibe-tratamiento",NA,"https://drive.google.com/file/d/0B3OqCUmmMLMOX0N3RERnNjJlNzA/view?usp=sharing",NA,NA,1,NA,1,NA,"","https://docs.google.com/spreadsheets/d/1YSepmTboldPiR36BkO5ft0sJHGTklfU15umap_osojs/edit?usp=sharing","ALTO","","i108",NA,NA,NA,NA,NA
"Garantizar la disponibilidad de agua y su ordenación sostenible y el saneamiento para todos","Grado de presión de los recursos hídricos (Presión del agua)","SEMARNAT","Anual","Nacional","",NA,"http://dsiappsdev.semarnat.gob.mx/datos/Grado_presion_Nacional.csv",NA,"http://busca.datos.gob.mx/#/conjuntos/grado-de-presion-de-los-recursos-hidricos",NA,"https://drive.google.com/file/d/0B3OqCUmmMLMOQlFCdjZNTVpjcWc/view?usp=sharing",NA,NA,1,NA,NA,NA,"","https://docs.google.com/spreadsheets/d/1N-TBj_SrAgtmmMdi7b8jeVkxjEcmEtmtCA9WMRsJtWc/edit?usp=sharing","ALTO","","i109",NA,NA,NA,NA,NA
"Garantizar la disponibilidad de agua y su ordenación sostenible y el saneamiento para todos","Eficiencia en la productividad del agua en el sector agrícola (ton/m3) (Productividad del agua)","SEMARNAT","Anual","Nacional","",NA,"http://dsiappsdev.semarnat.gob.mx/datos/Eficiencia_agr%C3%ADcola.csv",NA,"http://busca.datos.gob.mx/#/conjuntos/eficencia-en-el-uso-del-agua-en-el-sector-agricola-de-riego",NA,"https://drive.google.com/file/d/0B3OqCUmmMLMONW1Weml0YVBSWG8/view?usp=sharing",NA,NA,1,NA,NA,NA,"","https://docs.google.com/spreadsheets/d/1yO3wOEpnJKVxVmYs0D45MmTX2cRQ8tHMvd6Z0Q1sYHs/edit?usp=sharing","ALTO","","i110",NA,NA,NA,NA,NA
"Garantizar el acceso a una energía asequible, segura, sostenible y moderna para todos","Porcentaje de la población con servicio eléctrico","SENER","Anual","Estatal","",NA,"http://200.23.166.126/SIE_SW/ReportesSIE/DatosAbiertosSW/Diccionario_DA/Indicador_INCLUSION_SOCIAL_Electrificacion.csv",NA,"http://busca.datos.gob.mx/#/conjuntos/electrificacion-por-habitante",NA,"https://drive.google.com/file/d/0B3OqCUmmMLMOZmJXbGRudEhuMFU/view?usp=sharing",NA,NA,NA,NA,NA,NA,"","https://docs.google.com/spreadsheets/d/1txCvN1tzZFD8gSB67Ltw6yt-vf_-IhBMSl5aiJ1afiw/edit?usp=sharing","ALTO","","i111",NA,NA,NA,NA,NA
"Garantizar una educación inclusiva, equitativa y de calidad y promover oportunidades de aprendizaje durante toda la vida para todos","Tasa neta de matriculación por nivel educativo (primaria, secundaria y media superior)","SEP","Anual","Municipal","",NA,"http://www.siged.sep.gob.mx/SIGED/content/conn/WCPortalUCM/path/Contribution%20Folders/PortalSIGED/Descargas/Datos%20Abiertos/Estad%c3%adstica%20Educativa/Estad%c3%adsticas%20e%20Indicadores%20Educativos/ObjetivosDesarrolloSustentable/Tasa%20neta%20de%20matriculaci%c3%b3n%20por%20nivel%20educativo.csv",NA,"http://busca.datos.gob.mx/#/conjuntos/indicadores-objetivos-de-desarrollo-sustentable",NA,"",NA,NA,NA,NA,NA,NA,"","https://docs.google.com/spreadsheets/d/18wQBubaDsd1pGOa0_-EwXOzxNfH-HPua344FHjBeLvw/edit?usp=sharing","ALTO","","i112","Se refiere al porcentaje de la matrícula contenida en el rango de edad típica para un nivel educativo, respecto a la población total de ese mismo rango de edad.","SEP","Nacional, por Entidad Federativa y Municipal","Anual","2010-2015"
"Garantizar una educación inclusiva, equitativa y de calidad y promover oportunidades de aprendizaje durante toda la vida para todos","Eficiencia terminal por nivel educativo (primaria, secundaria y media superior)","SEP","Anual","Municipal","",NA,"http://www.siged.sep.gob.mx/SIGED/content/conn/WCPortalUCM/path/Contribution%20Folders/PortalSIGED/Descargas/Datos%20Abiertos/Estad%c3%adstica%20Educativa/Estad%c3%adsticas%20e%20Indicadores%20Educativos/ObjetivosDesarrolloSustentable/Eficiencia%20terminal%20por%20nivel%20educativo.csv",NA,"http://busca.datos.gob.mx/#/conjuntos/indicadores-objetivos-de-desarrollo-sustentable",NA,"",NA,NA,NA,NA,NA,NA,"","https://docs.google.com/spreadsheets/d/1GZRMr7VyEyxQk3JXk_CNuSjmrhzkn90rWdlh3VwdHxo/edit?usp=sharing","ALTO","","i113","Muestra el porcentaje de alumnos que conluye oportunamente un nivel educativo, de acuerdo al número de años programado.","SEP","Nacional, por Entidad Federativa y Municipal","Anual","2010-2015"
"Garantizar una educación inclusiva, equitativa y de calidad y promover oportunidades de aprendizaje durante toda la vida para todos","Tasa de abandono escolar por nivel educativo (primaria, secundaria y media superior)","SEP","Anual","Municipal","",NA,"http://www.siged.sep.gob.mx/SIGED/content/conn/WCPortalUCM/path/Contribution%20Folders/PortalSIGED/Descargas/Datos%20Abiertos/Estad%c3%adstica%20Educativa/Estad%c3%adsticas%20e%20Indicadores%20Educativos/ObjetivosDesarrolloSustentable/Tasa%20de%20abandono%20escolar%20por%20nivel%20educativo.csv",NA,"http://busca.datos.gob.mx/#/conjuntos/indicadores-objetivos-de-desarrollo-sustentable",NA,"",NA,NA,NA,NA,NA,NA,"","https://docs.google.com/spreadsheets/d/1CsmP96B_wlyDmWViZSamuQD48sKkNbk8k4GjbbHLZ0o/edit?usp=sharing","BAJO","","i114","Porcentaje de alumnos que abandona la escuela respecto a la matrícula total, durante el tránsito de un ciclo escolar a otro.","SEP","Nacional, por Entidad Federativa y Municipal","Anual","2010-2014"
"Garantizar una educación inclusiva, equitativa y de calidad y promover oportunidades de aprendizaje durante toda la vida para todos","Proporción de niñas y niños que reciben al menos un año de prescolar","SEP","Anual","Municipal","",NA,"http://www.siged.sep.gob.mx/SIGED/content/conn/WCPortalUCM/path/Contribution%20Folders/PortalSIGED/Descargas/Datos%20Abiertos/Estad%c3%adstica%20Educativa/Estad%c3%adsticas%20e%20Indicadores%20Educativos/ObjetivosDesarrolloSustentable/Proporci%c3%b3n%20de%20ni%c3%b1as%20y%20ni%c3%b1os%20que%20reciben%20al%20menos%20un%20a%c3%b1o%20de%20preescolar.csv",NA,"http://busca.datos.gob.mx/#/conjuntos/indicadores-objetivos-de-desarrollo-sustentable",NA,"",NA,NA,NA,NA,NA,NA,"","https://docs.google.com/spreadsheets/d/1zzerixhCwa-s_6FKI7ohHDbxa2sCPfmgC6j3ZZSb4eU/edit?usp=sharing","ALTO","","i116","Muestra el porcentaje de alumnos de nuevo ingreso a educación primaria con al menos un año de preescolar cursado.","SEP","Nacional, por Entidad Federativa y Municipal","Anual","2010-2015"
"Garantizar una educación inclusiva, equitativa y de calidad y promover oportunidades de aprendizaje durante toda la vida para todos","Proporción de niñas y niños que reciben al menos un año de prescolar","SEP","Anual","Municipal","",NA,"http://www.siged.sep.gob.mx/SIGED/content/conn/WCPortalUCM/path/Contribution%20Folders/PortalSIGED/Descargas/Datos%20Abiertos/Estad%c3%adstica%20Educativa/Estad%c3%adsticas%20e%20Indicadores%20Educativos/ObjetivosDesarrolloSustentable/Proporci%c3%b3n%20de%20ni%c3%b1as%20y%20ni%c3%b1os%20que%20reciben%20al%20menos%20un%20a%c3%b1o%20de%20preescolar.csv",NA,"http://busca.datos.gob.mx/#/conjuntos/indicadores-objetivos-de-desarrollo-sustentable",NA,"",NA,NA,NA,NA,NA,NA,"","https://docs.google.com/spreadsheets/d/1zzerixhCwa-s_6FKI7ohHDbxa2sCPfmgC6j3ZZSb4eU/edit?usp=sharing","ALTO","","i116","Proporción de niñas y niños que reciben al menos un año de prescolar","SEP","Nacional, por Entidad Federativa y Municipal","Anual","2010-2015"
"Garantizar una educación inclusiva, equitativa y de calidad y promover oportunidades de aprendizaje durante toda la vida para todos","Proporción de niñas y niños que reciben al menos un año de prescolar","SEP","Anual","Municipal","",NA,"http://www.siged.sep.gob.mx/SIGED/content/conn/WCPortalUCM/path/Contribution%20Folders/PortalSIGED/Descargas/Datos%20Abiertos/Estad%c3%adstica%20Educativa/Estad%c3%adsticas%20e%20Indicadores%20Educativos/ObjetivosDesarrolloSustentable/Proporci%c3%b3n%20de%20ni%c3%b1as%20y%20ni%c3%b1os%20que%20reciben%20al%20menos%20un%20a%c3%b1o%20de%20preescolar.csv",NA,"http://busca.datos.gob.mx/#/conjuntos/indicadores-objetivos-de-desarrollo-sustentable",NA,"",NA,NA,NA,NA,NA,NA,"","https://docs.google.com/spreadsheets/d/1zzerixhCwa-s_6FKI7ohHDbxa2sCPfmgC6j3ZZSb4eU/edit?usp=sharing","ALTO","","i116","Muestra el porcentaje de alumnos de nuevo ingreso a educación primaria con al menos un año de preescolar cursado.","SEP","Nacional, por Entidad Federativa y Municipal","Anual","2010-2015"
"Garantizar una educación inclusiva, equitativa y de calidad y promover oportunidades de aprendizaje durante toda la vida para todos","Proporción de niñas y niños que reciben al menos un año de prescolar","SEP","Anual","Municipal","",NA,"http://www.siged.sep.gob.mx/SIGED/content/conn/WCPortalUCM/path/Contribution%20Folders/PortalSIGED/Descargas/Datos%20Abiertos/Estad%c3%adstica%20Educativa/Estad%c3%adsticas%20e%20Indicadores%20Educativos/ObjetivosDesarrolloSustentable/Proporci%c3%b3n%20de%20ni%c3%b1as%20y%20ni%c3%b1os%20que%20reciben%20al%20menos%20un%20a%c3%b1o%20de%20preescolar.csv",NA,"http://busca.datos.gob.mx/#/conjuntos/indicadores-objetivos-de-desarrollo-sustentable",NA,"",NA,NA,NA,NA,NA,NA,"","https://docs.google.com/spreadsheets/d/1zzerixhCwa-s_6FKI7ohHDbxa2sCPfmgC6j3ZZSb4eU/edit?usp=sharing","ALTO","","i116","Proporción de niñas y niños que reciben al menos un año de prescolar","SEP","Nacional, por Entidad Federativa y Municipal","Anual","2010-2015"
"Garantizar una educación inclusiva, equitativa y de calidad y promover oportunidades de aprendizaje durante toda la vida para todos","Tasa bruta de matriculación en educación terciaria (técnica, vocacional y universidad)","SEP","Anual","Estatal","",NA,"http://www.siged.sep.gob.mx/SIGED/content/conn/WCPortalUCM/path/Contribution%20Folders/PortalSIGED/Descargas/Datos%20Abiertos/Estad%c3%adstica%20Educativa/Estad%c3%adsticas%20e%20Indicadores%20Educativos/ObjetivosDesarrolloSustentable/Tasa%20bruta%20de%20matriculaci%c3%b3n%20en%20educaci%c3%b3n%20terciaria.csv",NA,"http://busca.datos.gob.mx/#/conjuntos/indicadores-objetivos-de-desarrollo-sustentable",NA,"",NA,NA,NA,NA,NA,NA,"","https://docs.google.com/spreadsheets/d/1I550Gl0lMYP1GXQappg6XPzHmTBHosqnRk-Xcyi9lZs/edit?usp=sharing","ALTO","","i117","Se refiere al porcentaje de la matrícula contenida en educación terciaria, respecto a la población total en el rango de edad para cursar dicho nivel.","SEP","Entidad Federativa","Anual","2010-2015"
"Garantizar una educación inclusiva, equitativa y de calidad y promover oportunidades de aprendizaje durante toda la vida para todos","Tasa de absorción de educación media superior","SEP","Anual","Municipal","",NA,"http://www.siged.sep.gob.mx/SIGED/content/conn/WCPortalUCM/path/Contribution%20Folders/PortalSIGED/Descargas/Datos%20Abiertos/Estad%c3%adstica%20Educativa/Estad%c3%adsticas%20e%20Indicadores%20Educativos/ObjetivosDesarrolloSustentable/Tasa%20de%20absorci%c3%b3n%20de%20educaci%c3%b3n%20media%20superior.csv",NA,"http://busca.datos.gob.mx/#/conjuntos/indicadores-objetivos-de-desarrollo-sustentable",NA,"",NA,NA,NA,NA,NA,NA,"","https://docs.google.com/spreadsheets/d/1ooEWt84yajM13QK3LIY3-LxAB_R7luygXZR5QAyxwTA/edit?usp=sharing","ALTO","","i118","Proporción de alumnos de nuevo ingreso a educación media superior, respecto a los alumnos egresados de educación secundaria del ciclo inmediato anterior.","SEP","Entidad Federativa","Anual","2010-2015"
"Garantizar una educación inclusiva, equitativa y de calidad y promover oportunidades de aprendizaje durante toda la vida para todos","Eficiencia terminal en educación terciaria","SEP","Anual","Estatal","",NA,"http://www.siged.sep.gob.mx/SIGED/content/conn/WCPortalUCM/path/Contribution%20Folders/PortalSIGED/Descargas/Datos%20Abiertos/Estad%c3%adstica%20Educativa/Estad%c3%adsticas%20e%20Indicadores%20Educativos/ObjetivosDesarrolloSustentable/Eficiencia%20terminal%20en%20educaci%c3%b3n%20terciaria.csv",NA,"http://busca.datos.gob.mx/#/conjuntos/indicadores-objetivos-de-desarrollo-sustentable",NA,"",NA,NA,NA,NA,NA,NA,"","https://docs.google.com/spreadsheets/d/1Sq8aFTT3zjB6u3t3AWlvrS_G6lQxCVMoCeswRHab5ew/edit?usp=sharing","ALTO","","i119","Muestra el porcentaje de alumnos que conluye oportunamentesu educación terciaria, de acuerdo al número de años programados","SEP","Entidad Federativa","Anual","2010-2014"
"Garantizar una educación inclusiva, equitativa y de calidad y promover oportunidades de aprendizaje durante toda la vida para todos","Tasa de alfabetización entre jóvenes y adultos","SEP","Anual","Nacional; Estatal","",NA,"http://www.siged.sep.gob.mx/SIGED/content/conn/WCPortalUCM/path/Contribution%20Folders/PortalSIGED/Descargas/Datos%20Abiertos/Estad%c3%adstica%20Educativa/Estad%c3%adsticas%20e%20Indicadores%20Educativos/ObjetivosDesarrolloSustentable/Tasa%20de%20alfabetizaci%c3%b3n%20entre%20j%c3%b3venes%20y%20adultos.csv",NA,"http://busca.datos.gob.mx/#/conjuntos/indicadores-objetivos-de-desarrollo-sustentable",NA,"",NA,NA,NA,NA,NA,NA,"","https://docs.google.com/spreadsheets/d/1Fps0lN7QbNOYY3uXjzqMadbtrOZFLUUwTfgP_1ZgaAE/edit?usp=sharing","ALTO","","i120","Es el porcentaje de la población, entre 15 y 24 años de edad, que sabe leer y escribir un recado","SEP","Entidad Federativa","Anual","2010-2014"
"Garantizar una educación inclusiva, equitativa y de calidad y promover oportunidades de aprendizaje durante toda la vida para todos","Porcentaje de mujeres en la población universitaria de las áreas de ingeniería y tecnología","SEP","Anual","Estatal","",NA,"http://www.siged.sep.gob.mx/SIGED/content/conn/WCPortalUCM/path/Contribution%20Folders/PortalSIGED/Descargas/Datos%20Abiertos/Estad%c3%adstica%20Educativa/Estad%c3%adsticas%20e%20Indicadores%20Educativos/ObjetivosDesarrolloSustentable/Porcentaje%20de%20mujeres%20en%20la%20poblaci%c3%b3n%20universitaria%20de%20las%20%c3%a1reas%20de%20ingenier%c3%ada%20y%20tecnolog%c3%ada.csv",NA,"http://busca.datos.gob.mx/#/conjuntos/indicadores-objetivos-de-desarrollo-sustentable",NA,"",NA,NA,NA,NA,NA,NA,"","https://docs.google.com/spreadsheets/d/17nvP0hUF4PKfXJgUiDZDOKSJOQdwMn_neAOKgdVn0yM/edit?usp=sharing","ALTO","","i121","Porcentaje de la Población femenina inscrita en alguna de las aéras de ingeniería y teconología, con respecto al total de la población universitaria matriculada","SEP","Entidad Federativa","Anual","2010-2015"
"Lograr la igualdad entre los géneros y el empoderamiento de todas las mujeres y niñas","Brecha entre las tasas netas de participación de hombres y mujeres","STPS","Anual","Nacional; Estatal","15 a 29 años; 30 y más años",NA,"http://datosabiertos.stps.gob.mx/ods/Indicador_Brecha_entre_TNP_femenina_y_TNP_masculina.csv",NA,"http://busca.datos.gob.mx/#/conjuntos/ods-secretaria-del-trabajo-y-prevision-social",NA,"https://drive.google.com/file/d/0B-4W2dww7ELNUU84dHhsQ0VXOVE/view?usp=sharing",NA,NA,NA,NA,NA,NA,"","https://docs.google.com/spreadsheets/d/1pMHm43nf-WPngo3KZuFdGR_NgE4i2_4OEzHvBNJPMfI/edit?usp=sharing","BAJO","","i127",NA,NA,NA,NA,NA
"Promover el crecimiento económico sostenido, inclusivo y sostenible, el empleo pleno y productivo y el trabajo decente para todos","Tasa de crecimiento del PIB por persona ocupada","STPS","Anual","Nacional","",NA,"http://datosabiertos.stps.gob.mx/ods/Indicador_Tasa%20de%20crecimiento%20del%20PIB%20por%20persona%20ocupada.csv",NA,"http://busca.datos.gob.mx/#/conjuntos/ods-secretaria-del-trabajo-y-prevision-social",NA,"https://drive.google.com/file/d/0B-4W2dww7ELNUU84dHhsQ0VXOVE/view?usp=sharing",NA,NA,NA,NA,NA,NA,"","https://docs.google.com/spreadsheets/d/1LDNSLvVOBkvCQ9Hv9tMcv3mey_S5glGikvbHoVoMyZ8/edit?usp=sharing","ALTO","","i129","Mide la variación anual del Producto Interno Bruto (PIB) -ajustado por paridad de poder de compra y valuado en dólares corrientes- por persona ocupada. Este es un indicador comparable internacionalmente del crecimiento de la productividad del trabajo.","STPS","Nacional","Anual","1996-2015"
"Promover el crecimiento económico sostenido, inclusivo y sostenible, el empleo pleno y productivo y el trabajo decente para todos","Indice de puestos de trabajo registrados en el IMSS","STPS","Anual","Nacional; Estatal","",NA,"http://datosabiertos.stps.gob.mx/ods/Indicador_Indices_de_puestos_registrados_al_IMSS.CSV",NA,"http://busca.datos.gob.mx/#/conjuntos/ods-secretaria-del-trabajo-y-prevision-social",NA,"https://drive.google.com/file/d/0B-4W2dww7ELNUU84dHhsQ0VXOVE/view?usp=sharing",NA,NA,NA,NA,NA,NA,"","https://docs.google.com/spreadsheets/d/1qt09S1OaQu5DgX4RHK9tTrwDwEafwPn5eqq0RdbDmO8/edit?usp=sharing","ALTO","","i130",NA,NA,NA,NA,NA
"Promover el crecimiento económico sostenido, inclusivo y sostenible, el empleo pleno y productivo y el trabajo decente para todos","Tasa de informalidad laboral","STPS","Anual","Nacional; Estatal","15 a 29 años; 30 y más años; Hombres; Mujeres",NA,"http://datosabiertos.stps.gob.mx/ods/Indicador_Tasa_de_informalidad.csv",NA,"http://busca.datos.gob.mx/#/conjuntos/ods-secretaria-del-trabajo-y-prevision-social",NA,"https://drive.google.com/file/d/0B-4W2dww7ELNUU84dHhsQ0VXOVE/view?usp=sharing",NA,NA,NA,NA,NA,NA,"","https://docs.google.com/spreadsheets/d/1xIr1ZQFSmYyvHHWGJT9f4dJk9TqYHYU4qoKc76OdVPY/edit?usp=sharing","BAJO","","i131",NA,NA,NA,NA,NA
"Promover el crecimiento económico sostenido, inclusivo y sostenible, el empleo pleno y productivo y el trabajo decente para todos","Tasa neta de participación","STPS","Anual","Nacional; Estatal","15 a 29 años; 30 y más años; Hombres; Mujeres",NA,"http://datosabiertos.stps.gob.mx/ods/Indicador_Tasa_neta_de_participaci%C3%B3n.csv",NA,"http://busca.datos.gob.mx/#/conjuntos/ods-secretaria-del-trabajo-y-prevision-social",NA,"https://drive.google.com/file/d/0B-4W2dww7ELNUU84dHhsQ0VXOVE/view?usp=sharing",NA,NA,NA,NA,NA,NA,"","https://docs.google.com/spreadsheets/d/1LxP7hlgsnwndJESwfqrE1F8RJnD2yN5Kl3XVJeClB5A/edit?usp=sharing","ALTO","","i132","Porcentaje de la población económicamente activa respecto a la población en edad de trabajar.","Secretaría del Trabajo y Previsión Social (STPS). Dirección General de Investigación y Estadísticas del Trabajo (DGIET).","Nacional y Entidad Federativa.","Anual.","1995 - 2014."
"Promover el crecimiento económico sostenido, inclusivo y sostenible, el empleo pleno y productivo y el trabajo decente para todos","Tasa de desocupación","STPS","Anual","Nacional; Estatal","15 a 29 años; 30 y más años; Hombres; Mujeres",NA,"http://datosabiertos.stps.gob.mx/ods/Indicador_Tasa_de_desocupaci%C3%B3n.csv",NA,"http://busca.datos.gob.mx/#/conjuntos/ods-secretaria-del-trabajo-y-prevision-social",NA,"https://drive.google.com/file/d/0B-4W2dww7ELNUU84dHhsQ0VXOVE/view?usp=sharing",NA,NA,NA,NA,NA,NA,"","https://docs.google.com/spreadsheets/d/15jsP8ujl77mRtt_tBLKMpQzD64rxdD-QXzl_9VeBafQ/edit?usp=sharing","BAJO","","i133","Proporción de las personas desocupadas, respecto de la Población Económicamente Activa.","Secretaría del Trabajo y Previsión Social (STPS). Dirección General de Investigación y Estadísticas del Trabajo (DGIET).","Nacional y Entidad Federativa.","Anual.","1995 - 2014."
"Promover el crecimiento económico sostenido, inclusivo y sostenible, el empleo pleno y productivo y el trabajo decente para todos","Tasa de ocupación infantil","STPS","Anual","Estatal","",NA,"http://datosabiertos.stps.gob.mx/ods/Indicador_Tasa_de_ocupaci%C3%B3n_infantil.csv",NA,"http://busca.datos.gob.mx/#/conjuntos/ods-secretaria-del-trabajo-y-prevision-social",NA,"https://drive.google.com/file/d/0B-4W2dww7ELNUU84dHhsQ0VXOVE/view?usp=sharing",NA,NA,NA,NA,NA,NA,"","https://docs.google.com/spreadsheets/d/1w3k_9lUmp2L2LqO-KUJaWCCjgsE6nynVefB2I93TiuE/edit?usp=sharing","BAJO","","i135","Es la proporción de la población de 5 a 17 años de edad ocupada respecto a la población total de 5 a 17 años.","Instituto Nacional de Estadística y Geografía, INEGI","Nacional","Bianual","2007-2013"
"Garantizar una vida sana y promover el bienestar para todos en todas las edades","Satisfacción con la vida","INEGI","","","",NA,"http://www.inegi.org.mx/est/contenidos/proyectos/descargas/doc/1_satisfaccion_con_la_vida.zip",NA,"",NA,"",NA,NA,NA,1,1,NA,"","https://docs.google.com/spreadsheets/d/1KN0Lc7weqi7dYt7lzG8NSAd254zZlC_dNr2VkgKM4Wc/edit?usp=sharing","ALTO","","i136","Porcentaje de población satisfecha con la vida","Instituto Nacional de Estadística y Geografía, INEGI","Nacional",NA,NA
"Construir infraestructura resiliente, promover la industrialización inclusiva y sostenible y fomentar la innovación","Usuarios de Internet","INEGI","","","",NA,"http://www.inegi.org.mx/est/contenidos/proyectos/descargas/doc/2_usuarios_internet.zip",NA,"",NA,"",NA,NA,NA,NA,1,NA,"","https://docs.google.com/spreadsheets/d/1LDEZpfah6vj2Ln9HD1YU_9uWnTcvHu0361teadvG5Aw/edit?usp=sharing","ALTO","","i137","Porcentaje de población usuaria de internet de seis y más años de edad","Instituto Nacional de Estadística y Geografía, INEGI","Nacional y por Entidad Federativa","Anual","2010, 2011, 2013, 2014"
"Garantizar una educación inclusiva, equitativa y de calidad y promover oportunidades de aprendizaje durante toda la vida para todos","Razón de paridad educativa","INEGI","","","",NA,"http://www.inegi.org.mx/est/contenidos/proyectos/descargas/doc/3_razon_paridad_educativa.zip",NA,"",NA,"",NA,NA,NA,NA,1,NA,"","https://docs.google.com/spreadsheets/d/1D-QWrf2uRHYqY0UOuLmc2G5JVlDVOGLVBUaGqD_3hUc/edit?usp=sharing","ALTO","","i138","Razón de paridad educativa entre hombres y mujeres de 3 a 25 años de edad en localidades rurales que asisten a la escuela (b)","Instituto Nacional de Estadística y Geografía, INEGI","Nacional y Entidad Federativa","Bianual ","2010-2014"
"Lograr la igualdad entre los géneros y el empoderamiento de todas las mujeres y niñas","Mujeres que han sufrido violencia por parte de su actual o útima pareja","INEGI","","","",NA,"http://www.inegi.org.mx/est/contenidos/proyectos/descargas/doc/4_1_violencia_mujeres_urb_rural_pareja_actual.zip",NA,"",NA,"",NA,NA,NA,NA,1,NA,"","https://docs.google.com/spreadsheets/d/1XwzbDsClJFVeYMhBxzxFgbu2g1zmOBBHkoSpQpwjauk/edit?usp=sharing","BAJO","","i139","Proporción de mujeres de 15 años y más que han sufrido violencia física y/o sexual por parte de su actual o última pareja en los últimos 12 meses","Instituto Nacional de Estadística y Geografía, INEGI","Nacional y por Entidad Federativa","Anual","2011.0"
"Lograr la igualdad entre los géneros y el empoderamiento de todas las mujeres y niñas","Mujeres que hablan una lengua indi­gena y han sufrido violencia por parte de su actual o última pareja","INEGI","","","",NA,"http://www.inegi.org.mx/est/contenidos/proyectos/descargas/doc/4_2_violencia_mujeres_indigena_pareja_actual.zip",NA,"",NA,"",NA,NA,NA,NA,1,NA,"","https://docs.google.com/spreadsheets/d/1S3VP5shHVOrFmeOQmoBWG_gHshTn38_u3gEvp4_EzE8/edit?usp=sharing","BAJO","","i140","Proporción de mujeres de 15 años y más que hablan una lengua indígena y han sufrido violencia física y/o sexual por parte de su actual o última pareja en los últimos 12 meses","Instituto Nacional de Estadística y Geografía, INEGI","Nacional","Anual","2011.0"
"Lograr la igualdad entre los géneros y el empoderamiento de todas las mujeres y niñas","Mujeres que han sufrido violencia","INEGI","","","",NA,"http://www.inegi.org.mx/est/contenidos/proyectos/descargas/doc/4_3_violencia_sit_conyugal_pareja_actual.zip",NA,"",NA,"",NA,NA,NA,NA,1,NA,"","https://docs.google.com/spreadsheets/d/1g6R76ux3fMBi_kMQQDECAxnFGVG0Wle-p7nyNz1fq6I/edit?usp=sharing","BAJO","","i141","Proporción de mujeres de 15 años y más que han sufrido violencia física y/o sexual por parte de su actual o última pareja en los últimos 12 meses, según situación conyugal","Instituto Nacional de Estadística y Geografía, INEGI","Nacional","Anual","2011.0"
"Lograr la igualdad entre los géneros y el empoderamiento de todas las mujeres y niñas","Mujeres que han sufrido violencia por parte de cualquier agresor distinto a su pareja","INEGI","","","",NA,"http://www.inegi.org.mx/est/contenidos/proyectos/descargas/doc/5_1_violencia_mujeres_urb_rural_agresor_distinto.zip",NA,"",NA,"",NA,NA,NA,NA,1,NA,"","https://docs.google.com/spreadsheets/d/1BoEHN4Npk3vXwbmobrTOJl3mCChUcryXmgHdUrY3sB0/edit?usp=sharing","BAJO","","i142","Proporción de mujeres de 15 años y más que han sufrido violencia física y/o sexual por parte de cualquier agresor distinto a su pareja en algún momento de su vida","Instituto Nacional de Estadística y Geografía, INEGI","Nacional, por Entidad Federativa, Rural y Urbano","Anual","2011.0"
"Lograr la igualdad entre los géneros y el empoderamiento de todas las mujeres y niñas","Mujeres que han sufrido violencia por parte de cualquier agresor distinto a su pareja","INEGI","","","",NA,"http://www.inegi.org.mx/est/contenidos/proyectos/descargas/doc/5_1_violencia_mujeres_urb_rural_agresor_distinto.zip",NA,"",NA,"",NA,NA,NA,NA,1,NA,"","https://docs.google.com/spreadsheets/d/1BoEHN4Npk3vXwbmobrTOJl3mCChUcryXmgHdUrY3sB0/edit?usp=sharing","BAJO","","i142","Proporción de mujeres de 15 años y más que han sufrido violencia física y/o sexual por parte de cualquier agresor distinto a su pareja en algún momento de su vida, según situación conyugal","Instituto Nacional de Estadística y Geografía, INEGI","Nacional","Anual","2011.0"
"Lograr la igualdad entre los géneros y el empoderamiento de todas las mujeres y niñas","Mujeres que han sufrido violencia por parte de cualquier agresor distinto a su pareja","INEGI","","","",NA,"http://www.inegi.org.mx/est/contenidos/proyectos/descargas/doc/5_1_violencia_mujeres_urb_rural_agresor_distinto.zip",NA,"",NA,"",NA,NA,NA,NA,1,NA,"","https://docs.google.com/spreadsheets/d/1BoEHN4Npk3vXwbmobrTOJl3mCChUcryXmgHdUrY3sB0/edit?usp=sharing","BAJO","","i142","Proporción de mujeres de 15 años y más que han sufrido violencia física y/o sexual por parte de cualquier agresor distinto a su pareja en algún momento de su vida","Instituto Nacional de Estadística y Geografía, INEGI","Nacional, por Entidad Federativa, Rural y Urbano","Anual","2011.0"
"Lograr la igualdad entre los géneros y el empoderamiento de todas las mujeres y niñas","Mujeres que han sufrido violencia por parte de cualquier agresor distinto a su pareja","INEGI","","","",NA,"http://www.inegi.org.mx/est/contenidos/proyectos/descargas/doc/5_1_violencia_mujeres_urb_rural_agresor_distinto.zip",NA,"",NA,"",NA,NA,NA,NA,1,NA,"","https://docs.google.com/spreadsheets/d/1BoEHN4Npk3vXwbmobrTOJl3mCChUcryXmgHdUrY3sB0/edit?usp=sharing","BAJO","","i142","Proporción de mujeres de 15 años y más que han sufrido violencia física y/o sexual por parte de cualquier agresor distinto a su pareja en algún momento de su vida, según situación conyugal","Instituto Nacional de Estadística y Geografía, INEGI","Nacional","Anual","2011.0"
"Lograr la igualdad entre los géneros y el empoderamiento de todas las mujeres y niñas","Mujeres que hablan una lengua indi­gena y que han sufrido violencia por parte de cualquier agresor distinto a su pareja","INEGI","","","",NA,"http://www.inegi.org.mx/est/contenidos/proyectos/descargas/doc/5_2_violencia_mujeres_indigena_agresor_distinto.zip",NA,"",NA,"",NA,NA,NA,NA,1,NA,"","https://docs.google.com/spreadsheets/d/1z_LdDNf85ZE316UUwHdNUrnZQ1uIvhMqEsr_iq3HC-Q/edit?usp=sharing","BAJO","","i143","Proporción de mujeres de 15 años y más que han sufrido violencia física y/o sexual por parte de cualquier agresor distinto a su pareja en algún momento de su vida, según situación conyugal","Instituto Nacional de Estadística y Geografía, INEGI","Nacional","Anual","2011.0"
"Lograr la igualdad entre los géneros y el empoderamiento de todas las mujeres y niñas","Mujeres que han sufrido violencia por parte de cualquier agresor distintio a su pareja","INEGI","","","",NA,"http://www.inegi.org.mx/est/contenidos/proyectos/descargas/doc/5_3_violencia_sit_conyugal_agresor_distinto.zip",NA,"",NA,"",NA,NA,NA,NA,1,NA,"","https://docs.google.com/spreadsheets/d/1J4o1RusIkDB1p6s8oApqYsGfxCaFyyPpAnOf5KlmGJs/edit?usp=sharing","BAJO","","i144",NA,NA,NA,NA,NA
"Lograr la igualdad entre los géneros y el empoderamiento de todas las mujeres y niñas","Mujeres casadas o viven en pareja","INEGI","","","",NA,"http://www.inegi.org.mx/est/contenidos/proyectos/descargas/doc/6_mujeres20a24_casadas.zip",NA,"",NA,"",NA,NA,NA,NA,1,NA,"","https://docs.google.com/spreadsheets/d/1T2SdrJyVSy8Q71rqL93JtcD3pY90HzLYPJSpD_TTWAg/edit?usp=sharing","ALTO","X","i145","Porcentaje de mujeres de 20 a 24 años que están casadas o viven en pareja desde antes de los 18 años","Instituto Nacional de Estadística y Geografía, INEGI","Nacional y Entidad Federativa","Anual","2014.0"
"Lograr la igualdad entre los géneros y el empoderamiento de todas las mujeres y niñas","Matrimonios de menores de 12 a 14 años","INEGI","","","",NA,"http://www.inegi.org.mx/est/contenidos/proyectos/descargas/doc/7_1_matrimonios_menores_12a14.zip",NA,"",NA,"",NA,NA,NA,NA,1,NA,"","https://docs.google.com/spreadsheets/d/1zu1BUZkjP6i2inIftui2b_MzA2pzbEDyduPz_Quv1iQ/edit?usp=sharing","BAJO","","i146","Porcentaje de matrimonios de menores de 12 a 14 años","Instituto Nacional de Estadística y Geografía, INEGI","Nacional y Entidad Federativa","Anual","2010-2013"
"Lograr la igualdad entre los géneros y el empoderamiento de todas las mujeres y niñas","Matrimonios de menores de 15 a 17 años","INEGI","","","",NA,"http://www.inegi.org.mx/est/contenidos/proyectos/descargas/doc/7_2_matrimonios_menores_15a17.zip",NA,"",NA,"",NA,NA,NA,NA,1,NA,"","https://docs.google.com/spreadsheets/d/1ev_Z4JbYz3XpeTmp1EEuJObLXsPqSUIMlKI4gdXp0RM/edit?usp=sharing","BAJO","","i147","Porcentaje de matrimonios de menores de 15 a 17 años","Instituto Nacional de Estadística y Geografía, INEGI","Nacional","Anual","2010-2013"
"Lograr la igualdad entre los géneros y el empoderamiento de todas las mujeres y niñas","Mujeres con algún hijo nacido vivo","INEGI","","","",NA,"http://www.inegi.org.mx/est/contenidos/proyectos/descargas/doc/8_1_mujeres_15a19_con_hijos.zip",NA,"",NA,"",NA,NA,NA,NA,1,NA,"","https://docs.google.com/spreadsheets/d/1PzfgiZHiovk3dpynssk6sN_bdqbnsGT06xewvg8Z4uM/edit?usp=sharing","ALTO","X","i148","Porcentaje de mujeres de 15 a 19 años con algún hijo nacido vivo","Instituto Nacional de Estadística y Geografía, INEGI","Nacional y Entidad Federativa","Anual","2014.0"
"Lograr la igualdad entre los géneros y el empoderamiento de todas las mujeres y niñas","Mujeres que hablan una lengua indígena con algún hijo nacido vivo","INEGI","","","",NA,"http://www.inegi.org.mx/est/contenidos/proyectos/descargas/doc/8_2_mujeres_15a19_lengua_indigena.zip",NA,"",NA,"",NA,NA,NA,NA,1,NA,"","https://docs.google.com/spreadsheets/d/1UbOnVkrwYGlrIwGmYA5X3hOPUnLoRMMgb23gWEzGGlQ/edit?usp=sharing","ALTO","X","i149","Porcentaje de mujeres de 15 a 19 años que hablan una lengua indígena con algún hijo nacido vivo","Instituto Nacional de Estadística y Geografía, INEGI","Nacional","Anual","2014.0"
"Lograr la igualdad entre los géneros y el empoderamiento de todas las mujeres y niñas","Horas semanales dedicadas a actividades de cuidado dentro de los hogares","INEGI","","","",NA,"http://www.inegi.org.mx/est/contenidos/Proyectos/Descargas/doc/9_promedio_horas_trabajo_cuidados.zip",NA,"",NA,"",NA,NA,NA,NA,1,NA,"","https://docs.google.com/spreadsheets/d/1dBb4Df8K2Kd46nQ74kkPZ7fKLbbUCD7HzqoieG1RNeI/edit?usp=sharing","ALTO","X","i150","Promedio de horas semanales dedicadas a actividades de cuidado dentro de los hogares","Instituto Nacional de Estadística y Geografía, INEGI","Nacional","Quinquenal","2009-2014"
"Lograr la igualdad entre los géneros y el empoderamiento de todas las mujeres y niñas","Horas semanales dedicadas a tareas domésticas no remuneradas dentro de los hogares","INEGI","","","",NA,"http://www.inegi.org.mx/est/contenidos/Proyectos/Descargas/doc/10_promedio_horas_trabajo_domestico.zip",NA,"",NA,"",NA,NA,NA,NA,1,NA,"","https://docs.google.com/spreadsheets/d/11VTHXqdW5K6KcetIJFAwhbGDemfjwPD5u3I7MWUTrB0/edit?usp=sharing","ALTO","X","i151","Total de horas semanales dedicadas al trabajo doméstico no remunerado ","Instituto Nacional de Estadística y Geografía, INEGI","Nacional","Quinquenal","2009, 2014"
"Lograr la igualdad entre los géneros y el empoderamiento de todas las mujeres y niñas","Horas semanales dedicadas a tareas domésticas no remuneradas y actividades de cuidado dentro de los hogares","INEGI","","","",NA,"http://www.inegi.org.mx/est/contenidos/Proyectos/Descargas/doc/11_promedio_horas_trabajo_domestico_cuidados.zip",NA,"",NA,"",NA,NA,NA,NA,1,NA,"","https://docs.google.com/spreadsheets/d/1xkLwuc9sgwD5Y5p9rhwndmG-kQ-CKWhozRg3Wyrh4SM/edit?usp=sharing","ALTO","X","i152","Promedio de horas semanales dedicadas a tareas domésticas no remuneradas y actividades de cuidado dentro de los hogares","Instituto Nacional de Estadística y Geografía, INEGI","Nacional","Quinquenal","2009-2014"
"Lograr la igualdad entre los géneros y el empoderamiento de todas las mujeres y niñas","Mujeres en las alcaldías","INEGI","","","",NA,"http://www.inegi.org.mx/est/contenidos/proyectos/descargas/doc/12_porcentaje_mujeres_alcaldias.zip",NA,"",NA,"",NA,NA,NA,NA,1,NA,"","https://docs.google.com/spreadsheets/d/1rkaBxp4Ryaw9ERVHm4F7LDeIvaT49jhafZeJfSROVrs/edit?usp=sharing","ALTO","","i153","Porcentaje de mujeres en las alcaldías","Instituto Nacional de Estadística y Geografía, INEGI","Nacional, por Entidad Federativa","Anual","2012.0"
"Lograr la igualdad entre los géneros y el empoderamiento de todas las mujeres y niñas","Mujeres en puestos directivos","INEGI","","","",NA,"http://www.inegi.org.mx/est/contenidos/proyectos/descargas/doc/14_mujeres_puestos_directivos.zip",NA,"",NA,"",NA,NA,NA,NA,1,NA,"","https://docs.google.com/spreadsheets/d/1k39NzAhrgV4T_kM09t-gQpLI2aMiiOzPvQUkNkRfIlk/edit?usp=sharing","ALTO","","i154","Porcentaje de mujeres en puestos directivos de la administración pública","Instituto Nacional de Estadística y Geografía, INEGI","Nacional","Anual","2012-2015"
"Garantizar la disponibilidad de agua y su ordenación sostenible y el saneamiento para todos","Abastecimiento de agua","INEGI","","","",NA,"http://www.inegi.org.mx/est/contenidos/proyectos/descargas/doc/15_proporcion_abastecimiento_agua_2010.zip",NA,"",NA,"",NA,NA,NA,NA,1,NA,"","https://docs.google.com/spreadsheets/d/1_iYTKtz-JgfGNSs-SL1Fohw7yiABPWyVhl7k1WQ4gAw/edit?usp=sharing","ALTO","","i155","Proporción de la población con acceso sostenible a fuentes mejoradas de abastecimiento de agua","Instituto Nacional de Estadística y Geografía, INEGI","Nacional, por Entidad Federativa, Municipal, Rural y No Rural","Anual","2010.0"
"Garantizar la disponibilidad de agua y su ordenación sostenible y el saneamiento para todos","Servicios de saneamiento mejorados","INEGI","","","",NA,"http://www.inegi.org.mx/est/contenidos/proyectos/descargas/doc/16_proporcion_saneamiento_2010.zip",NA,"",NA,"",NA,NA,NA,NA,1,NA,"","https://docs.google.com/spreadsheets/d/1GxYLBPv-2Xkr3khtT2lM7oeocF2x8Zi2qrfKOSM4flE/edit?usp=sharing","ALTO","","i156","Proporción de la población con acceso a servicios de saneamiento mejorados ","Instituto Nacional de Estadística y Geografía, INEGI","Nacional, por Entidad Federativa, Municipal, Rural y No Rural","Anual","2010.0"
"Garantizar la disponibilidad de agua y su ordenación sostenible y el saneamiento para todos","Servicios de saneamiento mejorados","INEGI","","","",NA,"http://www.inegi.org.mx/est/contenidos/proyectos/descargas/doc/16_proporcion_saneamiento_2010.zip",NA,"",NA,"",NA,NA,NA,NA,1,NA,"","https://docs.google.com/spreadsheets/d/1GxYLBPv-2Xkr3khtT2lM7oeocF2x8Zi2qrfKOSM4flE/edit?usp=sharing","ALTO","","i156","Proporción de la población con acceso a servicios de saneamiento mejorados ","Instituto Nacional de Estadística y Geografía, INEGI","Nacional, por Entidad Federativa, Municipal, Rural y No Rural","Anual","2010.0"
"Garantizar la disponibilidad de agua y su ordenación sostenible y el saneamiento para todos","Agua entubada en el ambito de la vivienda","INEGI","","","",NA,"http://www.inegi.org.mx/est/contenidos/proyectos/descargas/doc/17_agua_entubada.zip",NA,"",NA,"",NA,NA,NA,NA,1,NA,"","https://docs.google.com/spreadsheets/d/1JdlMEQ1RvkF8yt0O9JLXlVHRSXarWHGcoHSZgfOcI9M/edit?usp=sharing","ALTO","","i157","Porcentaje de viviendas particulares habitadas que disponen de agua entubada en el ámbito de la vivienda","Instituto Nacional de Estadística y Geografía, INEGI","Nacional, Municipal y Entidad Federativa","Anual.","2010.0"
"Garantizar el acceso a una energía asequible, segura, sostenible y moderna para todos","Viviendas particulares habitadas donde se utiliza leña o carbón para cocinar","INEGI","","","",NA,"http://www.inegi.org.mx/est/contenidos/proyectos/descargas/doc/18_lenia_o_carbon.zip",NA,"",NA,"",NA,NA,NA,NA,1,NA,"","https://docs.google.com/spreadsheets/d/1ZUkILdquZczO0dEGUZ5_4TNMuwLTy4n3_a2pdh2UM8k/edit?usp=sharing","BAJO","","i158","Porcentaje de ocupantes de viviendas particulares habitadas donde se utiliza leña o carbón para cocinar  ","Instituto Nacional de Estadística y Geografía, INEGI","Nacional, por Entidad Federativa y Municipal","Anual","2010.0"
"Garantizar el acceso a una energía asequible, segura, sostenible y moderna para todos","Viviendas particulares donde se utiliza leña o carbón para cocinar","INEGI","","","",NA,"http://www.inegi.org.mx/est/contenidos/proyectos/descargas/doc/18_bis_lenia_o_carbon.zip",NA,"",NA,"",NA,NA,NA,NA,1,NA,"","https://docs.google.com/spreadsheets/d/173ZlJV1slP1xYh1olAxZC0MXiDAuwh-cZNvUkGIJjOw/edit?usp=sharing","BAJO","","i159",NA,NA,NA,NA,NA
"Garantizar el acceso a una energía asequible, segura, sostenible y moderna para todos","Viviendas con disponibilidad de focos ahorradores","INEGI","","","",NA,"http://www.inegi.org.mx/est/contenidos/proyectos/descargas/doc/19_focos_ahorradores.zip",NA,"",NA,"",NA,NA,NA,NA,1,NA,"","https://docs.google.com/spreadsheets/d/1JLmfgQPdYuFeZAmWKXk9wseSY_34MwcZbrpe8FvZ2fY/edit?usp=sharing","ALTO","","i160","Viviendas con focos ahorradores","Instituto Nacional de Estadística y Geografía, INEGI","Nacional y Entidad Federativa","Anual.","2014.0"
"Garantizar el acceso a una energía asequible, segura, sostenible y moderna para todos","Viviendas con disponibilidad de paneles y calentadores solares","INEGI","","","",NA,"http://www.inegi.org.mx/est/contenidos/proyectos/descargas/doc/20_energia_solar.zip",NA,"",NA,"",NA,NA,NA,NA,1,NA,"","https://docs.google.com/spreadsheets/d/1Cn-AZONFWBX6oOBcJkml0QzzetVIPn0fw6sBDmsyeS8/edit?usp=sharing","ALTO","","i161","Porcentaje de viviendas con disponibilidad de paneles y calentadores solares","Instituto Nacional de Estadística y Geografía, INEGI","Nacional y por Entidad Federativa, urbano y rural","Anual","2014.0"
"Promover el crecimiento económico sostenido, inclusivo y sostenible, el empleo pleno y productivo y el trabajo decente para todos","PIB per cápita","INEGI","","","",NA,"http://www.inegi.org.mx/est/contenidos/proyectos/descargas/doc/21_pib_per_capita_ppc.zip",NA,"",NA,"",NA,NA,NA,NA,1,NA,"","https://docs.google.com/spreadsheets/d/1Bt1VKYeJmpgDoskwBXQNz9TZ8LaOuKxmIxSnGnXqNdI/edit?usp=sharing","ALTO","","i162","PIB per cápita PPC ","Instituto Nacional de Estadística y Geografía, INEGI","Nacional y por Entidad Federativa","Anual.","2003-2013"
"Promover el crecimiento económico sostenido, inclusivo y sostenible, el empleo pleno y productivo y el trabajo decente para todos","Población no económicamente activa que no asiste a la escuela","INEGI","","","",NA,"http://www.inegi.org.mx/est/contenidos/proyectos/descargas/doc/22_pnea_15_24_no_asiste_escuela.zip",NA,"",NA,"",NA,NA,NA,NA,1,NA,"","https://docs.google.com/spreadsheets/d/1gx8QIsMMnTPe7zHaWMfPeRlXg_ljv3Ww5tYCyTt2cn4/edit?usp=sharing","BAJO","","i163"," Población no económicamente activa de 15 a 24 años que no asiste a la escuela","Instituto Nacional de Estadística y Geografía, INEGI","Nacional y por Entidad Federativa","Trimestral","2010-2014"
"Lograr que las ciudades y los asentamientos humanos sean inclusivos, seguros, resilientes y sostenibles","Gasto en vivienda","INEGI","","","",NA,"http://www.inegi.org.mx/est/contenidos/proyectos/descargas/doc/23_porcentaje_gasto_en_vivienda.zip",NA,"",NA,"",NA,NA,NA,NA,1,NA,"","https://docs.google.com/spreadsheets/d/18cvo_Qa0_5jOiQnopXeEHmYoWFAd43fIGihVGSy6fHU/edit?usp=sharing","ALTO","X","i164","Proporción de la población que gasta más del  30% de su ingreso en vivienda","Instituto Nacional de Estadística y Geografía, INEGI","Nacional, Urbano y Rural","bianual","2010-2014"
"Lograr que las ciudades y los asentamientos humanos sean inclusivos, seguros, resilientes y sostenibles","Gasto en vivienda","INEGI","","","",NA,"http://www.inegi.org.mx/est/contenidos/proyectos/descargas/doc/23_porcentaje_gasto_en_vivienda.zip",NA,"",NA,"",NA,NA,NA,NA,1,NA,"","https://docs.google.com/spreadsheets/d/18cvo_Qa0_5jOiQnopXeEHmYoWFAd43fIGihVGSy6fHU/edit?usp=sharing","ALTO","X","i164","Proporción de la población que gasta más del 30% de su ingreso en vivienda","Instituto Nacional de Estadística y Geografía, INEGI","Nacional, Urbano y Rural","Bianual","2010-2014"
"Lograr la igualdad entre los géneros y el empoderamiento de todas las mujeres y niñas","Mujeres que han sufrido violencia por parte de cualquier agresor en los útimos 12 meses.","INEGI","","","",NA,"http://www.inegi.org.mx/est/contenidos/proyectos/descargas/doc/24_1_tipo_violencia_mujeres_cualquier_agresor.zip",NA,"",NA,"",NA,NA,NA,NA,1,NA,"","https://docs.google.com/spreadsheets/d/1I30YpE5Ymt3wGTyNn2tEDegPTka1gkmVW3FcTraOXFs/edit?usp=sharing","BAJO","","i165","Proporción de mujeres de 18 a 24 años de edad que han sufrido violencia por parte de cualquier agresor en los últimos 12 meses","Instituto Nacional de Estadística y Geografía, INEGI","Nacional y por Entidad Federativa","Anual.","2011.0"
"Lograr la igualdad entre los géneros y el empoderamiento de todas las mujeres y niñas","Mujeres que hablan una lengua indígena y que han sufrido violencia por parte de cualquier agresor en los últimos 12 meses","INEGI","","","",NA,"http://www.inegi.org.mx/est/contenidos/proyectos/descargas/doc/24_2_tipo_violencia_mujeres_indigena_cualquier_agresor.zip",NA,"",NA,"",NA,NA,NA,NA,1,NA,"","https://docs.google.com/spreadsheets/d/1YSepmTboldPiR36BkO5ft0sJHGTklfU15umap_osojs/edit?usp=sharing","BAJO","","i166",NA,NA,NA,NA,NA
"Lograr la igualdad entre los géneros y el empoderamiento de todas las mujeres y niñas","Mujeres que han sufrido violencia por parte de cualquier agresor en los últimos 12 meses","INEGI","","","",NA,"http://www.inegi.org.mx/est/contenidos/proyectos/descargas/doc/24_3_tipo_violencia_sit_conyugal_cualquier_agresor.zip",NA,"",NA,"",NA,NA,NA,NA,1,NA,"","https://docs.google.com/spreadsheets/d/1w3k_9lUmp2L2LqO-KUJaWCCjgsE6nynVefB2I93TiuE/edit?usp=sharing","BAJO","","i167",NA,NA,NA,NA,NA
"Poner fin a la pobreza en todas sus formas en todo el mundo","Proporción de la población con acceso a la seguridad social","SEDESOL","Bianual | Bianual","Nacional | Estatal","Hombres; Mujeres; Menores de 18; Mayores de 65; Personas que hablan alguna lengua indígena; Personas con discapacidad; Madres jefas de familia",NA,"https://drive.google.com/uc?export=download&id=0B-4W2dww7ELNS0NNTmZHS095QVE",NA,"",NA,"",NA,NA,NA,NA,NA,NA,"","https://docs.google.com/spreadsheets/d/15WKOFeZXkKilIl9lqCvA_1-p1WaD9oTa7JrO0ypW2ro/edit?usp=sharing","ALTO","","i168","La seguridad social es el conjunto de mecanismos diseñados para garantizar los medios de subsistencia de los individuos y sus familias ante eventualidades, como accidentes o enfermedades, o ante circunstancias socialmente reconocidas, como la vejez y el embarazo. ","SEDESOL","Nacional","Bianual","2008-2014"
"Poner fin a la pobreza en todas sus formas en todo el mundo","Proporción de la población con acceso a la seguridad social","SEDESOL","Bianual | Bianual","Nacional | Estatal","Hombres; Mujeres; Menores de 18; Mayores de 65; Personas que hablan alguna lengua indígena; Personas con discapacidad; Madres jefas de familia",NA,"https://drive.google.com/uc?export=download&id=0B-4W2dww7ELNS0NNTmZHS095QVE",NA,"",NA,"",NA,NA,NA,NA,NA,NA,"","https://docs.google.com/spreadsheets/d/15WKOFeZXkKilIl9lqCvA_1-p1WaD9oTa7JrO0ypW2ro/edit?usp=sharing","ALTO","","i168","La seguridad es el conjunto de mecanismos diseñados para garantizar los medios de subsistencia de los individuos y sus familias ante eventualidades, como accidentes o enfermedades, o ante circunstancias socialmente reconocidas, como la vejez y el embarazo. Dicha definición es tomada de la Metodología para la Medición Multidimensional de la pobreza y puede ser descargada de: http://www.coneval.gob.mx/rw/resource/Metodologia_Medicion_Multidimensional-pdf","SEDESOL","Nacional","Bianual","2008-2012"
"Poner fin a la pobreza en todas sus formas en todo el mundo","Proporción de la población en pobreza con acceso a la seguridad social","SEDESOL","Bianual | Bianual","Nacional | Estatal","Hombres; Mujeres; Menores de 18; Mayores de 65; Personas que hablan alguna lengua indígena; Personas con discapacidad; Madres jefas de familia",NA,"https://drive.google.com/uc?export=download&id=0B-4W2dww7ELNRk9pSnZxQmVYNFU",NA,"",NA,"",NA,NA,NA,NA,NA,NA,"","https://docs.google.com/spreadsheets/d/1lw9jCGwpDdW9w2x9AJVrn28tevpgvXGygRb20ElM7v0/edit?usp=sharing","BAJO","","i169","La seguiridad social es el conjunto de mecanismos diseñados para organizar los medios de subsistencia de los individuos y sus familias ante eventualidades, como accidentes o enfermedades, o ante circunstancias socialmente reconocidads, como la vejez y el embarazo. La pobreza corresponde a la definición de CONEVAL en donde una persona es pobreza si no cuenta con un ingreso suficiente para adquirir una canasta de bienes y servicios (LB) y tiene por lo menos una carencia social. Dichas definiciones han sido tomadas de la Metodología para la Medición Multidimensional de la pobreza y puede ser descargada de: http://www.coneval.gob.mx/rw/resource/Metodologia_Medicion_Multidimensional.pdf","SEDESOL","Nacional","Bianual","2008-2012"
"Poner fin a la pobreza en todas sus formas en todo el mundo","Proporción de la población en pobreza con acceso a la seguridad social","SEDESOL","Bianual | Bianual","Nacional | Estatal","Hombres; Mujeres; Menores de 18; Mayores de 65; Personas que hablan alguna lengua indígena; Personas con discapacidad; Madres jefas de familia",NA,"https://drive.google.com/uc?export=download&id=0B-4W2dww7ELNRk9pSnZxQmVYNFU",NA,"",NA,"",NA,NA,NA,NA,NA,NA,"","https://docs.google.com/spreadsheets/d/1lw9jCGwpDdW9w2x9AJVrn28tevpgvXGygRb20ElM7v0/edit?usp=sharing","BAJO","","i169","La seguridad social es el conjunto de mecanismos diseñados para garantizar los medios de subsistencia de los individuos y sus familias ante eventualidades, como accidentes o enfermedades, o ante circunstancias socialmente reconocidas, como la vejez y el embarazo. La pobreza corresponde a la definición de CONEVAL en dónde una persona está en situación de pobreza si no cuenta con un ingreso suficiente para adquirir una canasta de bienes y servcios y tiene por lo menos una carencia social.","SEDESOL","Entidad Federativa","Bianual","2008-2012"
"Poner fin a la pobreza en todas sus formas en todo el mundo","Proporción de adultos mayores que recibe una pensión (65 y más)","SEDESOL","Bianual | Bianual","Nacional | Estatal","Hombres; Mujeres; Personas que hablan alguna lengua indígena; Personas con discapacidad; Madres jefas de familia",NA,"https://drive.google.com/uc?export=download&id=0B-4W2dww7ELNU1VoSnlpaEUtanM",NA,"",NA,"",NA,NA,NA,NA,NA,NA,"","https://docs.google.com/spreadsheets/d/18W08yJJxwHOhAdS5Jtl-1FfAbpuSCKgC9kBgUfmWnXo/edit?usp=sharing","ALTO","","i170","Porcentaje de la población de adultos mayores (65 años y más) que reciben una pensión a nivel nacional con base en los registros de Módulo de Condiciones Socioeconómicas de la Encuesta Nacional deIngresos y Gasto de los Hogares","SEDESOL","Entidad Federativa","Bianual","2008-2012"
"Poner fin a la pobreza en todas sus formas en todo el mundo","Proporción de adultos mayores que recibe una pensión (65 y más)","SEDESOL","Bianual | Bianual","Nacional | Estatal","Hombres; Mujeres; Personas que hablan alguna lengua indígena; Personas con discapacidad; Madres jefas de familia",NA,"https://drive.google.com/uc?export=download&id=0B-4W2dww7ELNU1VoSnlpaEUtanM",NA,"",NA,"",NA,NA,NA,NA,NA,NA,"","https://docs.google.com/spreadsheets/d/18W08yJJxwHOhAdS5Jtl-1FfAbpuSCKgC9kBgUfmWnXo/edit?usp=sharing","ALTO","","i170","Porcentaje de la población de adultos mayores (65 años y más) que reciben a nivel nacional con base en los registros de Módulo de Condiciones Socioeconómicas de la Encuesta Nacional de Ingresos y Gastos de los Hogares. Las bases de datos del MCS-ENIGH pueden ser descargadas de la siguiente liga: http://www.inegi.org.mx/est/contenidos/proyectos/encuestas/hogares/modulos/mcs/default.aspx","SEDESOL","Nacional","Bianual","2008-2012"
"Poner fin a la pobreza en todas sus formas en todo el mundo","Proporción de hogares con niños que reciben beca educativa (Prospera)","SEDESOL","Bianual | Bianual","Nacional | Estatal","",NA,"https://drive.google.com/uc?export=download&id=0B-4W2dww7ELNLU12U0FUd3BIN1E",NA,"",NA,"",NA,NA,NA,NA,NA,NA,"","https://docs.google.com/spreadsheets/d/14o8Co1IMrNjigHyXYMBctSrVdeCUhB8Y1O3B4Ba2VrY/edit?usp=sharing","ALTO","","i171","Porcentaje de los hogares con niños que reciben beca por parte del programa Prospera a nivel nacional, con base en los registros de Módulo de Condiciones Socioeconómicas de la Encuesta Nacional deIngresos y Gasto de los Hogares.","SEDESOL","Entidad Federativa","Bianual","2008-2012"
"Poner fin a la pobreza en todas sus formas en todo el mundo","Proporción de hogares con niños que reciben beca educativa (Prospera)","SEDESOL","Bianual | Bianual","Nacional | Estatal","",NA,"https://drive.google.com/uc?export=download&id=0B-4W2dww7ELNLU12U0FUd3BIN1E",NA,"",NA,"",NA,NA,NA,NA,NA,NA,"","https://docs.google.com/spreadsheets/d/14o8Co1IMrNjigHyXYMBctSrVdeCUhB8Y1O3B4Ba2VrY/edit?usp=sharing","ALTO","","i171","Porcentaje de hogares con niños que reciben beca por parte del programa Prospera a nivel nacional con base en los registros de Módulo de Condiciones Socioeconómicas de la Encuesta Nacional de Ingresos y Gastos de los Hogares (MCS-ENIGH). Las bases de datos del MCS-ENIGH pueden ser descargadas de la siguiente liga: http://www.inegi.org.mx/est/contenidos/proyectos/encuestas/hogares/modulos/mcs/default.aspx","SEDESOL","Nacional","Bianual","2008-2012"
"Poner fin a la pobreza en todas sus formas en todo el mundo","Proporción de pobres y/o vulnerables que reciben subsidios (Prospera, et al.)","SEDESOL","Bianual | Bianual","Nacional | Estatal","Hombres; Mujeres; Personas que hablan alguna lengua indígena; Personas con discapacidad; Madres jefas de familia",NA,"https://drive.google.com/uc?export=download&id=0B-4W2dww7ELNWTl6aTRRcTFSa2M",NA,"",NA,"",NA,NA,NA,NA,NA,NA,"","https://docs.google.com/spreadsheets/d/1fY6arqoA_ZQ3CJ8upj1uSzHS89IhYnT-H6tNP5_COXk/edit?usp=sharing","ALTO","","i172","Porcentaje de la población en situación de pobreza que recibe subsidios de algún programa social a nivel nacional.","SEDESOL","Entidad Federativa","Bianual","2008-2012"
"Poner fin a la pobreza en todas sus formas en todo el mundo","Proporción de la población/hogares con acceso a los servicios básicos en la vivienda","SEDESOL","Bianual | Bianual","Nacional | Estatal","Hombres; Mujeres; Menores de 18; Mayores de 65; Personas que hablan alguna lengua indígena; Personas con discapacidad; Madres jefas de familia",NA,"https://drive.google.com/uc?export=download&id=0B-4W2dww7ELNT0RpeWdxSmlVb3M",NA,"",NA,"",NA,NA,NA,NA,NA,NA,"","https://docs.google.com/spreadsheets/d/1us35WqVh5sqm_XCp7lXVMGSpUx8OvzG46xX5SYP5y7M/edit?usp=sharing","ALTO","","i173","Porcentaje de hogares que tienen acceso a los servicios básicos en la vivienda a nivel nacional. La definición de servicios básicos en la vivienda es tomada de la Metodología para la Medición Multidimensional de la pobreza (CONEVAL)","SEDESOL","Entidad Federativa","Bianual","2008-2012"
"Poner fin a la pobreza en todas sus formas en todo el mundo","Proporción de la población/hogares con acceso a los servicios básicos en la vivienda","SEDESOL","Bianual | Bianual","Nacional | Estatal","Hombres; Mujeres; Menores de 18; Mayores de 65; Personas que hablan alguna lengua indígena; Personas con discapacidad; Madres jefas de familia",NA,"https://drive.google.com/uc?export=download&id=0B-4W2dww7ELNT0RpeWdxSmlVb3M",NA,"",NA,"",NA,NA,NA,NA,NA,NA,"","https://docs.google.com/spreadsheets/d/1us35WqVh5sqm_XCp7lXVMGSpUx8OvzG46xX5SYP5y7M/edit?usp=sharing","ALTO","","i173","Porcentaje de hogares que tienen acceso a los servicios básicos en la vivienda a nivel nacional. La definición de servicios básicos en la vivienda es tomada de la Metodología para la Medición Multidimensional de la pobreza y puede ser descargada de http://www.coneval.gob.mx/rw/resource/Metodologia_medicion_Multidimensional.pdf","SEDESOL","Nacional","Bianual","2008-2012"
"Promover el crecimiento económico sostenido, inclusivo y sostenible, el empleo pleno y productivo y el trabajo decente para todos","Brechas de ingresos por trabajo","SEDESOL","Bianual | Bianual","Nacional | Estatal","Hombres; Mujeres; Personas que hablan alguna lengua indígena; Personas con discapacidad; Madres jefas de familia",NA,"https://drive.google.com/uc?export=download&id=0B-4W2dww7ELNeEZPTzB1dmF1cmc",NA,"",NA,"",NA,NA,NA,NA,NA,NA,"","https://docs.google.com/spreadsheets/d/1gqcyXP78sZsy6BEwtIE5qrmKx45kuSmtHGSyi0K0A6Q/edit?usp=sharing","BAJO","","i174","La diferencia entre los ingresos laborales promedio entre los hombres y las mujeres ","SEDESOL","Entidad Federativa","Bianual","2008-2012"
"Reducir la desigualdad en y entre los países","Índice de Palma (Razón de ingreso entre el 10% más rico y el 40% más pobre) ","SEDESOL","Bianual | Bianual","Nacional | Estatal","Hombres; Mujeres; Menores de 18; Mayores de 65; Personas que hablan alguna lengua indígena; Personas con discapacidad",NA,"https://drive.google.com/uc?export=download&id=0B-4W2dww7ELNY0pRakk1MDFfQkU",NA,"",NA,"",NA,NA,NA,NA,NA,NA,"","https://docs.google.com/spreadsheets/d/15EwDUfgVSmXteq6aTw26ppTmriH8dvZaIN-d9BDJLx0/edit?usp=sharing","ALTO","","i175","Comparación del ingreso del 10% más rico de la población y el 40% más pobre a nivel nacional.","SEDESOL","Entidad Federativa","Bianual","2008-2012"
"Reducir la desigualdad en y entre los países","Proporción de la población que vive debajo del 50% del ingreso medio ","SEDESOL","Bianual | Bianual","Nacional | Estatal","Hombres; Mujeres; Menores de 18; Mayores de 65; Personas que hablan alguna lengua indígena; Personas con discapacidad",NA,"https://drive.google.com/uc?export=download&id=0B-4W2dww7ELNdzBYRmx5YnA4NEk",NA,"",NA,"",NA,NA,NA,NA,NA,NA,"","https://docs.google.com/spreadsheets/d/1JRogam8Cfg90Kl_l_V59xyVp3H0iuC7IoHvxZPsaEz0/edit?usp=sharing","BAJO","","i176","Porcentaje de la población que vive debajo del 50% del ingreso medio a nivel nacional.","SEDESOL","Entidad Federativa","Bianual","2008-2012"
"Lograr que las ciudades y los asentamientos humanos sean inclusivos, seguros, resilientes y sostenibles","Tiempo estimado de viaje por desplazamiento utilizando cualquier forma de transporte","SEDATU","Quinquenal | Quinquenal; por Horarios","Nacional; Urbano; Rural","Grupo de edad (decenios y otras categorías) | Por jornada laboral",NA,"https://drive.google.com/uc?export=download&id=0B8H92S-nvsXebU9pSkdDbGtaZ0k",NA,"http://busca.datos.gob.mx/#/conjuntos/ods-sedatu",NA,"",NA,NA,NA,1,1,NA,"","https://docs.google.com/spreadsheets/d/1331l9mhHiqRCT5T7pnlsXTeTrKSH6-arKnAEReLb-pk/edit?usp=sharing","BAJO","","i177","Tiempo estimado de viaje por desplazamiento utilizando cualquier forma de transporte","SEDATU","Nacional, Urbnao y Rural",NA,"2009 y 2014"
